{
  "HTTP Request-POST-Email" : {
    "transaction" : "HTTP Request-POST-Email",
    "sampleCount" : 50,
    "errorCount" : 0,
    "errorPct" : 0.0,
    "meanResTime" : 4.5600000000000005,
    "medianResTime" : 4.0,
    "minResTime" : 2.0,
    "maxResTime" : 20.0,
    "pct1ResTime" : 7.0,
    "pct2ResTime" : 12.249999999999979,
    "pct3ResTime" : 20.0,
    "throughput" : 1.1455016151572772,
    "receivedKBytesPerSec" : 0.25952770968407063,
    "sentKBytesPerSec" : 0.2964432890787876
  },
  "HTTP Request-POST-Loan" : {
    "transaction" : "HTTP Request-POST-Loan",
    "sampleCount" : 100,
    "errorCount" : 0,
    "errorPct" : 0.0,
    "meanResTime" : 2.9699999999999998,
    "medianResTime" : 3.0,
    "minResTime" : 2.0,
    "maxResTime" : 15.0,
    "pct1ResTime" : 4.0,
    "pct2ResTime" : 5.949999999999989,
    "pct3ResTime" : 14.919999999999959,
    "throughput" : 1.0141576406636648,
    "receivedKBytesPerSec" : 0.20005844083404326,
    "sentKBytesPerSec" : 0.33772241744756804
  },
  "HTTP Request-GET" : {
    "transaction" : "HTTP Request-GET",
    "sampleCount" : 150,
    "errorCount" : 0,
    "errorPct" : 0.0,
    "meanResTime" : 16.22666666666666,
    "medianResTime" : 12.0,
    "minResTime" : 9.0,
    "maxResTime" : 230.0,
    "pct1ResTime" : 19.0,
    "pct2ResTime" : 23.0,
    "pct3ResTime" : 186.14000000000078,
    "throughput" : 1.9949196047399291,
    "receivedKBytesPerSec" : 4.071662083893019,
    "sentKBytesPerSec" : 0.3117061882406139
  },
  "Total" : {
    "transaction" : "Total",
    "sampleCount" : 720,
    "errorCount" : 0,
    "errorPct" : 0.0,
    "meanResTime" : 8.279166666666677,
    "medianResTime" : 6.0,
    "minResTime" : 2.0,
    "maxResTime" : 230.0,
    "pct1ResTime" : 13.0,
    "pct2ResTime" : 16.0,
    "pct3ResTime" : 58.48999999999887,
    "throughput" : 7.28744939271255,
    "receivedKBytesPerSec" : 4.597948823380567,
    "sentKBytesPerSec" : 2.0603689587550607
  },
  "HTTP Request-POST-Contact" : {
    "transaction" : "HTTP Request-POST-Contact",
    "sampleCount" : 50,
    "errorCount" : 0,
    "errorPct" : 0.0,
    "meanResTime" : 4.979999999999999,
    "medianResTime" : 4.0,
    "minResTime" : 2.0,
    "maxResTime" : 28.0,
    "pct1ResTime" : 6.899999999999999,
    "pct2ResTime" : 11.949999999999953,
    "pct3ResTime" : 28.0,
    "throughput" : 1.1448459037413565,
    "receivedKBytesPerSec" : 0.24819901428767688,
    "sentKBytesPerSec" : 0.28956551666895636
  },
  "HTTP Request-POST" : {
    "transaction" : "HTTP Request-POST",
    "sampleCount" : 220,
    "errorCount" : 0,
    "errorPct" : 0.0,
    "meanResTime" : 6.722727272727271,
    "medianResTime" : 6.0,
    "minResTime" : 2.0,
    "maxResTime" : 188.0,
    "pct1ResTime" : 9.0,
    "pct2ResTime" : 11.949999999999989,
    "pct3ResTime" : 20.789999999999992,
    "throughput" : 2.925687536571094,
    "receivedKBytesPerSec" : 0.5880465716261504,
    "sentKBytesPerSec" : 1.2012877180967072
  },
  "HTTP Request-POST-Address" : {
    "transaction" : "HTTP Request-POST-Address",
    "sampleCount" : 50,
    "errorCount" : 0,
    "errorPct" : 0.0,
    "meanResTime" : 8.8,
    "medianResTime" : 5.0,
    "minResTime" : 3.0,
    "maxResTime" : 188.0,
    "pct1ResTime" : 7.0,
    "pct2ResTime" : 9.0,
    "pct3ResTime" : 188.0,
    "throughput" : 1.1398089680169603,
    "receivedKBytesPerSec" : 0.300535567738847,
    "sentKBytesPerSec" : 0.3550772078099711
  },
  "HTTP Request-GET-Loan" : {
    "transaction" : "HTTP Request-GET-Loan",
    "sampleCount" : 100,
    "errorCount" : 0,
    "errorPct" : 0.0,
    "meanResTime" : 8.34,
    "medianResTime" : 6.0,
    "minResTime" : 5.0,
    "maxResTime" : 188.0,
    "pct1ResTime" : 9.0,
    "pct2ResTime" : 11.949999999999989,
    "pct3ResTime" : 186.29999999999913,
    "throughput" : 1.012176483091592,
    "receivedKBytesPerSec" : 0.49422679838456635,
    "sentKBytesPerSec" : 0.15518721469275384
  }
}