timeStamp,elapsed,label,responseCode,responseMessage,threadName,dataType,success,failureMessage,bytes,sentBytes,grpThreads,allThreads,URL,Latency,IdleTime,Connect
1619248063826,188,HTTP Request-POST-Address,200,,Thread Group-Update 3-1,text,true,,270,319,1,5,http://localhost:8081/update/address,188,0,81
1619248063826,188,HTTP Request-POST,200,,Thread Group-Login 2-1,text,true,,184,220,1,5,http://localhost:8081/login,178,0,83
1619248063826,188,HTTP Request-GET-Loan,200,,Thread Group-Loan 4-1,text,true,,500,157,1,5,http://localhost:8080/applyloan,178,0,81
1619248064022,15,HTTP Request-POST-Loan,200,,Thread Group-Loan 4-1,text,true,,202,341,1,4,http://localhost:8080/applyloan,15,0,0
1619248064022,28,HTTP Request-POST-Contact,200,,Thread Group-Update 3-1,text,true,,222,259,1,3,http://localhost:8081/update/contact,28,0,0
1619248063826,230,HTTP Request-GET,200,,Thread Group-Register 1-1,text,true,,2090,160,2,3,http://localhost:8081/register,230,0,81
1619248064051,10,HTTP Request-POST-Email,200,,Thread Group-Update 3-1,text,true,,232,265,1,3,http://localhost:8081/update/email,10,0,0
1619248064058,21,HTTP Request-POST,200,,Thread Group-Register 1-1,text,true,,216,514,2,2,http://localhost:8081/register,20,0,0
1619248063963,137,HTTP Request-GET,200,,Thread Group-Register 1-2,text,true,,2090,160,1,1,http://localhost:8081/register,136,0,3
1619248064100,20,HTTP Request-POST,200,,Thread Group-Register 1-2,text,true,,216,514,1,1,http://localhost:8081/register,20,0,0
1619248064499,6,HTTP Request-POST-Address,200,,Thread Group-Update 3-2,text,true,,270,319,1,2,http://localhost:8081/update/address,6,0,2
1619248064506,6,HTTP Request-POST-Contact,200,,Thread Group-Update 3-2,text,true,,222,259,1,2,http://localhost:8081/update/contact,5,0,0
1619248064513,8,HTTP Request-POST-Email,200,,Thread Group-Update 3-2,text,true,,232,265,1,2,http://localhost:8081/update/email,8,0,0
1619248064467,65,HTTP Request-GET,200,,Thread Group-Register 1-3,text,true,,2090,160,1,1,http://localhost:8081/register,64,0,2
1619248064532,15,HTTP Request-POST,200,,Thread Group-Register 1-3,text,true,,216,514,1,1,http://localhost:8081/register,15,0,0
1619248064564,4,HTTP Request-POST,200,,Thread Group-Login 2-2,text,true,,184,220,1,1,http://localhost:8081/login,4,0,1
1619248064623,10,HTTP Request-GET-Loan,200,,Thread Group-Loan 4-2,text,true,,500,157,1,1,http://localhost:8080/applyloan,10,0,1
1619248064633,5,HTTP Request-POST-Loan,200,,Thread Group-Loan 4-2,text,true,,202,341,1,1,http://localhost:8080/applyloan,5,0,0
1619248064969,22,HTTP Request-GET,200,,Thread Group-Register 1-4,text,true,,2090,160,1,1,http://localhost:8081/register,22,0,3
1619248064992,11,HTTP Request-POST,200,,Thread Group-Register 1-4,text,true,,216,514,1,1,http://localhost:8081/register,11,0,0
1619248065398,5,HTTP Request-POST-Address,200,,Thread Group-Update 3-3,text,true,,270,319,1,1,http://localhost:8081/update/address,5,0,1
1619248065404,5,HTTP Request-POST-Contact,200,,Thread Group-Update 3-3,text,true,,222,259,1,1,http://localhost:8081/update/contact,5,0,0
1619248065410,4,HTTP Request-POST-Email,200,,Thread Group-Update 3-3,text,true,,232,265,1,1,http://localhost:8081/update/email,4,0,0
1619248065476,28,HTTP Request-GET,200,,Thread Group-Register 1-5,text,true,,2090,160,1,1,http://localhost:8081/register,27,0,1
1619248065505,14,HTTP Request-POST,200,,Thread Group-Register 1-5,text,true,,216,514,1,1,http://localhost:8081/register,14,0,0
1619248065563,4,HTTP Request-POST,200,,Thread Group-Login 2-3,text,true,,184,220,1,1,http://localhost:8081/login,4,0,1
1619248065626,13,HTTP Request-GET-Loan,200,,Thread Group-Loan 4-3,text,true,,500,157,1,1,http://localhost:8080/applyloan,13,0,2
1619248065640,7,HTTP Request-POST-Loan,200,,Thread Group-Loan 4-3,text,true,,202,341,1,1,http://localhost:8080/applyloan,7,0,0
1619248065982,20,HTTP Request-GET,200,,Thread Group-Register 1-6,text,true,,2090,160,1,1,http://localhost:8081/register,20,0,2
1619248066002,9,HTTP Request-POST,200,,Thread Group-Register 1-6,text,true,,216,514,1,1,http://localhost:8081/register,9,0,0
1619248066298,9,HTTP Request-POST-Address,200,,Thread Group-Update 3-4,text,true,,270,319,1,1,http://localhost:8081/update/address,9,0,2
1619248066307,6,HTTP Request-POST-Contact,200,,Thread Group-Update 3-4,text,true,,222,259,1,1,http://localhost:8081/update/contact,6,0,0
1619248066314,4,HTTP Request-POST-Email,200,,Thread Group-Update 3-4,text,true,,232,265,1,1,http://localhost:8081/update/email,4,0,0
1619248066490,12,HTTP Request-GET,200,,Thread Group-Register 1-7,text,true,,2090,160,1,1,http://localhost:8081/register,12,0,1
1619248066503,12,HTTP Request-POST,200,,Thread Group-Register 1-7,text,true,,216,514,1,1,http://localhost:8081/register,12,0,0
1619248066561,4,HTTP Request-POST,200,,Thread Group-Login 2-4,text,true,,184,220,1,1,http://localhost:8081/login,4,0,1
1619248066622,9,HTTP Request-GET-Loan,200,,Thread Group-Loan 4-4,text,true,,500,157,1,1,http://localhost:8080/applyloan,9,0,2
1619248066632,3,HTTP Request-POST-Loan,200,,Thread Group-Loan 4-4,text,true,,202,341,1,1,http://localhost:8080/applyloan,3,0,0
1619248066995,13,HTTP Request-GET,200,,Thread Group-Register 1-8,text,true,,2090,160,1,1,http://localhost:8081/register,13,0,1
1619248067008,7,HTTP Request-POST,200,,Thread Group-Register 1-8,text,true,,216,514,1,1,http://localhost:8081/register,7,0,0
1619248067197,6,HTTP Request-POST-Address,200,,Thread Group-Update 3-5,text,true,,270,319,1,1,http://localhost:8081/update/address,6,0,2
1619248067204,6,HTTP Request-POST-Contact,200,,Thread Group-Update 3-5,text,true,,222,259,1,1,http://localhost:8081/update/contact,6,0,0
1619248067211,5,HTTP Request-POST-Email,200,,Thread Group-Update 3-5,text,true,,232,265,1,1,http://localhost:8081/update/email,5,0,0
1619248067504,12,HTTP Request-GET,200,,Thread Group-Register 1-9,text,true,,2090,160,1,1,http://localhost:8081/register,12,0,1
1619248067517,8,HTTP Request-POST,200,,Thread Group-Register 1-9,text,true,,216,514,1,1,http://localhost:8081/register,8,0,0
1619248067559,3,HTTP Request-POST,200,,Thread Group-Login 2-5,text,true,,184,220,1,1,http://localhost:8081/login,3,0,1
1619248067637,7,HTTP Request-GET-Loan,200,,Thread Group-Loan 4-5,text,true,,500,157,1,1,http://localhost:8080/applyloan,7,0,1
1619248067644,3,HTTP Request-POST-Loan,200,,Thread Group-Loan 4-5,text,true,,202,341,1,1,http://localhost:8080/applyloan,3,0,0
1619248068010,34,HTTP Request-GET,200,,Thread Group-Register 1-10,text,true,,2090,160,1,1,http://localhost:8081/register,34,0,1
1619248068044,7,HTTP Request-POST,200,,Thread Group-Register 1-10,text,true,,216,514,1,1,http://localhost:8081/register,7,0,0
1619248068096,6,HTTP Request-POST-Address,200,,Thread Group-Update 3-6,text,true,,270,319,1,1,http://localhost:8081/update/address,6,0,1
1619248068103,4,HTTP Request-POST-Contact,200,,Thread Group-Update 3-6,text,true,,222,259,1,1,http://localhost:8081/update/contact,4,0,0
1619248068107,4,HTTP Request-POST-Email,200,,Thread Group-Update 3-6,text,true,,232,265,1,1,http://localhost:8081/update/email,4,0,0
1619248068511,12,HTTP Request-GET,200,,Thread Group-Register 1-11,text,true,,2090,160,1,1,http://localhost:8081/register,12,0,1
1619248068524,5,HTTP Request-POST,200,,Thread Group-Register 1-11,text,true,,216,514,1,1,http://localhost:8081/register,5,0,0
1619248068560,3,HTTP Request-POST,200,,Thread Group-Login 2-6,text,true,,184,220,1,1,http://localhost:8081/login,3,0,1
1619248068634,8,HTTP Request-GET-Loan,200,,Thread Group-Loan 4-6,text,true,,500,157,1,1,http://localhost:8080/applyloan,8,0,2
1619248068643,3,HTTP Request-POST-Loan,200,,Thread Group-Loan 4-6,text,true,,202,341,1,1,http://localhost:8080/applyloan,3,0,0
1619248068994,5,HTTP Request-POST-Address,200,,Thread Group-Update 3-7,text,true,,270,319,1,1,http://localhost:8081/update/address,5,0,1
1619248068999,5,HTTP Request-POST-Contact,200,,Thread Group-Update 3-7,text,true,,222,259,1,1,http://localhost:8081/update/contact,5,0,0
1619248069005,4,HTTP Request-POST-Email,200,,Thread Group-Update 3-7,text,true,,232,265,1,1,http://localhost:8081/update/email,3,0,0
1619248069025,14,HTTP Request-GET,200,,Thread Group-Register 1-12,text,true,,2090,160,1,1,http://localhost:8081/register,13,0,1
1619248069039,8,HTTP Request-POST,200,,Thread Group-Register 1-12,text,true,,216,514,1,1,http://localhost:8081/register,8,0,0
1619248069529,18,HTTP Request-GET,200,,Thread Group-Register 1-13,text,true,,2090,160,1,1,http://localhost:8081/register,17,0,1
1619248069547,9,HTTP Request-POST,200,,Thread Group-Register 1-13,text,true,,216,514,1,1,http://localhost:8081/register,8,0,0
1619248069562,3,HTTP Request-POST,200,,Thread Group-Login 2-7,text,true,,184,220,1,1,http://localhost:8081/login,3,0,1
1619248069632,8,HTTP Request-GET-Loan,200,,Thread Group-Loan 4-7,text,true,,500,157,1,1,http://localhost:8080/applyloan,8,0,2
1619248069640,4,HTTP Request-POST-Loan,200,,Thread Group-Loan 4-7,text,true,,202,341,1,1,http://localhost:8080/applyloan,4,0,0
1619248069894,4,HTTP Request-POST-Address,200,,Thread Group-Update 3-8,text,true,,270,319,1,1,http://localhost:8081/update/address,4,0,1
1619248069899,4,HTTP Request-POST-Contact,200,,Thread Group-Update 3-8,text,true,,222,259,1,1,http://localhost:8081/update/contact,4,0,0
1619248069904,3,HTTP Request-POST-Email,200,,Thread Group-Update 3-8,text,true,,232,265,1,1,http://localhost:8081/update/email,3,0,0
1619248070037,14,HTTP Request-GET,200,,Thread Group-Register 1-14,text,true,,2090,160,1,1,http://localhost:8081/register,13,0,1
1619248070051,7,HTTP Request-POST,200,,Thread Group-Register 1-14,text,true,,216,514,1,1,http://localhost:8081/register,7,0,0
1619248070543,13,HTTP Request-GET,200,,Thread Group-Register 1-15,text,true,,2090,160,1,1,http://localhost:8081/register,13,0,1
1619248070560,4,HTTP Request-POST,200,,Thread Group-Login 2-8,text,true,,184,220,1,2,http://localhost:8081/login,4,0,2
1619248070556,8,HTTP Request-POST,200,,Thread Group-Register 1-15,text,true,,216,514,1,2,http://localhost:8081/register,8,0,0
1619248070633,7,HTTP Request-GET-Loan,200,,Thread Group-Loan 4-8,text,true,,500,157,1,1,http://localhost:8080/applyloan,7,0,2
1619248070641,3,HTTP Request-POST-Loan,200,,Thread Group-Loan 4-8,text,true,,202,341,1,1,http://localhost:8080/applyloan,3,0,0
1619248070793,4,HTTP Request-POST-Address,200,,Thread Group-Update 3-9,text,true,,270,319,1,1,http://localhost:8081/update/address,4,0,1
1619248070798,5,HTTP Request-POST-Contact,200,,Thread Group-Update 3-9,text,true,,222,259,1,1,http://localhost:8081/update/contact,5,0,0
1619248070804,3,HTTP Request-POST-Email,200,,Thread Group-Update 3-9,text,true,,232,265,1,1,http://localhost:8081/update/email,3,0,0
1619248071048,12,HTTP Request-GET,200,,Thread Group-Register 1-16,text,true,,2090,160,1,1,http://localhost:8081/register,12,0,1
1619248071061,9,HTTP Request-POST,200,,Thread Group-Register 1-16,text,true,,216,514,1,1,http://localhost:8081/register,9,0,0
1619248071559,4,HTTP Request-POST,200,,Thread Group-Login 2-9,text,true,,184,220,1,1,http://localhost:8081/login,3,0,2
1619248071568,14,HTTP Request-GET,200,,Thread Group-Register 1-17,text,true,,2090,160,1,1,http://localhost:8081/register,13,0,1
1619248071582,9,HTTP Request-POST,200,,Thread Group-Register 1-17,text,true,,216,514,1,1,http://localhost:8081/register,9,0,0
1619248071630,7,HTTP Request-GET-Loan,200,,Thread Group-Loan 4-9,text,true,,500,157,1,1,http://localhost:8080/applyloan,7,0,1
1619248071637,3,HTTP Request-POST-Loan,200,,Thread Group-Loan 4-9,text,true,,202,341,1,1,http://localhost:8080/applyloan,3,0,0
1619248071691,4,HTTP Request-POST-Address,200,,Thread Group-Update 3-10,text,true,,270,319,1,1,http://localhost:8081/update/address,4,0,1
1619248071695,4,HTTP Request-POST-Contact,200,,Thread Group-Update 3-10,text,true,,222,259,1,1,http://localhost:8081/update/contact,4,0,0
1619248071699,6,HTTP Request-POST-Email,200,,Thread Group-Update 3-10,text,true,,232,265,1,1,http://localhost:8081/update/email,6,0,0
1619248072073,19,HTTP Request-GET,200,,Thread Group-Register 1-18,text,true,,2090,160,1,1,http://localhost:8081/register,19,0,2
1619248072093,6,HTTP Request-POST,200,,Thread Group-Register 1-18,text,true,,216,514,1,1,http://localhost:8081/register,6,0,0
1619248072560,3,HTTP Request-POST,200,,Thread Group-Login 2-10,text,true,,184,220,1,1,http://localhost:8081/login,3,0,1
1619248072573,13,HTTP Request-GET,200,,Thread Group-Register 1-19,text,true,,2090,160,1,1,http://localhost:8081/register,13,0,1
1619248072586,7,HTTP Request-POST,200,,Thread Group-Register 1-19,text,true,,216,514,1,2,http://localhost:8081/register,7,0,0
1619248072593,5,HTTP Request-POST-Address,200,,Thread Group-Update 3-11,text,true,,270,319,1,1,http://localhost:8081/update/address,5,0,1
1619248072599,4,HTTP Request-POST-Contact,200,,Thread Group-Update 3-11,text,true,,222,259,1,1,http://localhost:8081/update/contact,4,0,0
1619248072604,15,HTTP Request-POST-Email,200,,Thread Group-Update 3-11,text,true,,232,265,1,1,http://localhost:8081/update/email,14,0,0
1619248072631,7,HTTP Request-GET-Loan,200,,Thread Group-Loan 4-10,text,true,,500,157,1,1,http://localhost:8080/applyloan,7,0,1
1619248072638,3,HTTP Request-POST-Loan,200,,Thread Group-Loan 4-10,text,true,,202,341,1,1,http://localhost:8080/applyloan,3,0,0
1619248073082,14,HTTP Request-GET,200,,Thread Group-Register 1-20,text,true,,2090,160,1,1,http://localhost:8081/register,13,0,2
1619248073096,7,HTTP Request-POST,200,,Thread Group-Register 1-20,text,true,,216,514,1,1,http://localhost:8081/register,7,0,0
1619248073490,5,HTTP Request-POST-Address,200,,Thread Group-Update 3-12,text,true,,270,319,1,1,http://localhost:8081/update/address,5,0,1
1619248073496,4,HTTP Request-POST-Contact,200,,Thread Group-Update 3-12,text,true,,222,259,1,1,http://localhost:8081/update/contact,4,0,0
1619248073501,4,HTTP Request-POST-Email,200,,Thread Group-Update 3-12,text,true,,232,265,1,1,http://localhost:8081/update/email,3,0,0
1619248073560,3,HTTP Request-POST,200,,Thread Group-Login 2-11,text,true,,184,220,1,1,http://localhost:8081/login,3,0,1
1619248073592,12,HTTP Request-GET,200,,Thread Group-Register 1-21,text,true,,2090,160,1,1,http://localhost:8081/register,12,0,1
1619248073605,5,HTTP Request-POST,200,,Thread Group-Register 1-21,text,true,,216,514,1,1,http://localhost:8081/register,5,0,0
1619248073630,7,HTTP Request-GET-Loan,200,,Thread Group-Loan 4-11,text,true,,500,157,1,1,http://localhost:8080/applyloan,7,0,1
1619248073638,3,HTTP Request-POST-Loan,200,,Thread Group-Loan 4-11,text,true,,202,341,1,1,http://localhost:8080/applyloan,3,0,0
1619248074100,13,HTTP Request-GET,200,,Thread Group-Register 1-22,text,true,,2090,160,1,1,http://localhost:8081/register,13,0,1
1619248074114,11,HTTP Request-POST,200,,Thread Group-Register 1-22,text,true,,216,514,1,1,http://localhost:8081/register,11,0,0
1619248074390,7,HTTP Request-POST-Address,200,,Thread Group-Update 3-13,text,true,,270,319,1,1,http://localhost:8081/update/address,7,0,2
1619248074397,7,HTTP Request-POST-Contact,200,,Thread Group-Update 3-13,text,true,,222,259,1,1,http://localhost:8081/update/contact,7,0,0
1619248074404,5,HTTP Request-POST-Email,200,,Thread Group-Update 3-13,text,true,,232,265,1,1,http://localhost:8081/update/email,5,0,0
1619248074543,4,HTTP Request-POST,200,,Thread Group-Login 2-12,text,true,,184,220,1,1,http://localhost:8081/login,4,0,2
1619248074606,16,HTTP Request-GET,200,,Thread Group-Register 1-23,text,true,,2090,160,1,1,http://localhost:8081/register,16,0,1
1619248074623,11,HTTP Request-POST,200,,Thread Group-Register 1-23,text,true,,216,514,1,2,http://localhost:8081/register,11,0,0
1619248074633,11,HTTP Request-GET-Loan,200,,Thread Group-Loan 4-12,text,true,,500,157,1,1,http://localhost:8080/applyloan,11,0,2
1619248074644,4,HTTP Request-POST-Loan,200,,Thread Group-Loan 4-12,text,true,,202,341,1,1,http://localhost:8080/applyloan,4,0,0
1619248075111,16,HTTP Request-GET,200,,Thread Group-Register 1-24,text,true,,2090,160,1,1,http://localhost:8081/register,16,0,1
1619248075127,9,HTTP Request-POST,200,,Thread Group-Register 1-24,text,true,,216,514,1,1,http://localhost:8081/register,9,0,0
1619248075289,5,HTTP Request-POST-Address,200,,Thread Group-Update 3-14,text,true,,270,319,1,1,http://localhost:8081/update/address,5,0,1
1619248075294,6,HTTP Request-POST-Contact,200,,Thread Group-Update 3-14,text,true,,222,259,1,1,http://localhost:8081/update/contact,6,0,0
1619248075301,5,HTTP Request-POST-Email,200,,Thread Group-Update 3-14,text,true,,232,265,1,1,http://localhost:8081/update/email,5,0,0
1619248075559,3,HTTP Request-POST,200,,Thread Group-Login 2-13,text,true,,184,220,1,1,http://localhost:8081/login,3,0,1
1619248075619,19,HTTP Request-GET,200,,Thread Group-Register 1-25,text,true,,2090,160,1,2,http://localhost:8081/register,19,0,1
1619248075633,12,HTTP Request-GET-Loan,200,,Thread Group-Loan 4-13,text,true,,500,157,1,2,http://localhost:8080/applyloan,12,0,3
1619248075646,6,HTTP Request-POST-Loan,200,,Thread Group-Loan 4-13,text,true,,202,341,1,2,http://localhost:8080/applyloan,6,0,0
1619248075639,16,HTTP Request-POST,200,,Thread Group-Register 1-25,text,true,,216,514,1,1,http://localhost:8081/register,16,0,0
1619248076125,16,HTTP Request-GET,200,,Thread Group-Register 1-26,text,true,,2090,160,1,1,http://localhost:8081/register,16,0,1
1619248076142,9,HTTP Request-POST,200,,Thread Group-Register 1-26,text,true,,216,514,1,1,http://localhost:8081/register,9,0,0
1619248076187,7,HTTP Request-POST-Address,200,,Thread Group-Update 3-15,text,true,,270,319,1,1,http://localhost:8081/update/address,7,0,2
1619248076194,7,HTTP Request-POST-Contact,200,,Thread Group-Update 3-15,text,true,,222,259,1,1,http://localhost:8081/update/contact,7,0,0
1619248076201,7,HTTP Request-POST-Email,200,,Thread Group-Update 3-15,text,true,,232,265,1,1,http://localhost:8081/update/email,6,0,0
1619248076560,5,HTTP Request-POST,200,,Thread Group-Login 2-14,text,true,,184,220,1,1,http://localhost:8081/login,5,0,2
1619248076630,14,HTTP Request-GET-Loan,200,,Thread Group-Loan 4-14,text,true,,500,157,1,2,http://localhost:8080/applyloan,14,0,3
1619248076645,6,HTTP Request-POST-Loan,200,,Thread Group-Loan 4-14,text,true,,202,341,1,2,http://localhost:8080/applyloan,6,0,0
1619248076634,21,HTTP Request-GET,200,,Thread Group-Register 1-27,text,true,,2090,160,1,1,http://localhost:8081/register,21,0,4
1619248076656,7,HTTP Request-POST,200,,Thread Group-Register 1-27,text,true,,216,514,1,1,http://localhost:8081/register,7,0,0
1619248077088,6,HTTP Request-POST-Address,200,,Thread Group-Update 3-16,text,true,,270,319,1,1,http://localhost:8081/update/address,6,0,1
1619248077095,6,HTTP Request-POST-Contact,200,,Thread Group-Update 3-16,text,true,,222,259,1,1,http://localhost:8081/update/contact,6,0,0
1619248077101,3,HTTP Request-POST-Email,200,,Thread Group-Update 3-16,text,true,,232,265,1,1,http://localhost:8081/update/email,3,0,0
1619248077138,13,HTTP Request-GET,200,,Thread Group-Register 1-28,text,true,,2090,160,1,1,http://localhost:8081/register,13,0,1
1619248077151,6,HTTP Request-POST,200,,Thread Group-Register 1-28,text,true,,216,514,1,1,http://localhost:8081/register,6,0,0
1619248077557,3,HTTP Request-POST,200,,Thread Group-Login 2-15,text,true,,184,220,1,1,http://localhost:8081/login,3,0,1
1619248077629,9,HTTP Request-GET-Loan,200,,Thread Group-Loan 4-15,text,true,,500,157,1,1,http://localhost:8080/applyloan,9,0,2
1619248077638,3,HTTP Request-POST-Loan,200,,Thread Group-Loan 4-15,text,true,,202,341,1,1,http://localhost:8080/applyloan,3,0,0
1619248077645,14,HTTP Request-GET,200,,Thread Group-Register 1-29,text,true,,2090,160,1,1,http://localhost:8081/register,14,0,1
1619248077659,7,HTTP Request-POST,200,,Thread Group-Register 1-29,text,true,,216,514,1,1,http://localhost:8081/register,7,0,0
1619248077989,4,HTTP Request-POST-Address,200,,Thread Group-Update 3-17,text,true,,270,319,1,1,http://localhost:8081/update/address,4,0,1
1619248077994,4,HTTP Request-POST-Contact,200,,Thread Group-Update 3-17,text,true,,222,259,1,1,http://localhost:8081/update/contact,4,0,0
1619248077999,4,HTTP Request-POST-Email,200,,Thread Group-Update 3-17,text,true,,232,265,1,1,http://localhost:8081/update/email,4,0,0
1619248078151,12,HTTP Request-GET,200,,Thread Group-Register 1-30,text,true,,2090,160,1,1,http://localhost:8081/register,12,0,1
1619248078163,15,HTTP Request-POST,200,,Thread Group-Register 1-30,text,true,,216,514,1,1,http://localhost:8081/register,15,0,0
1619248078557,5,HTTP Request-POST,200,,Thread Group-Login 2-16,text,true,,184,220,1,1,http://localhost:8081/login,5,0,1
1619248078631,7,HTTP Request-GET-Loan,200,,Thread Group-Loan 4-16,text,true,,500,157,1,1,http://localhost:8080/applyloan,7,0,1
1619248078638,5,HTTP Request-POST-Loan,200,,Thread Group-Loan 4-16,text,true,,202,341,1,1,http://localhost:8080/applyloan,5,0,0
1619248078658,144,HTTP Request-GET,200,,Thread Group-Register 1-31,text,true,,2090,160,1,1,http://localhost:8081/register,143,0,1
1619248078802,6,HTTP Request-POST,200,,Thread Group-Register 1-31,text,true,,216,514,1,1,http://localhost:8081/register,6,0,0
1619248078887,4,HTTP Request-POST-Address,200,,Thread Group-Update 3-18,text,true,,270,319,1,1,http://localhost:8081/update/address,4,0,1
1619248078891,4,HTTP Request-POST-Contact,200,,Thread Group-Update 3-18,text,true,,222,259,1,1,http://localhost:8081/update/contact,4,0,0
1619248078895,4,HTTP Request-POST-Email,200,,Thread Group-Update 3-18,text,true,,232,265,1,1,http://localhost:8081/update/email,4,0,0
1619248079163,20,HTTP Request-GET,200,,Thread Group-Register 1-32,text,true,,2090,160,1,1,http://localhost:8081/register,19,0,2
1619248079183,7,HTTP Request-POST,200,,Thread Group-Register 1-32,text,true,,216,514,1,1,http://localhost:8081/register,7,0,0
1619248079557,3,HTTP Request-POST,200,,Thread Group-Login 2-17,text,true,,184,220,1,1,http://localhost:8081/login,3,0,1
1619248079628,8,HTTP Request-GET-Loan,200,,Thread Group-Loan 4-17,text,true,,500,157,1,1,http://localhost:8080/applyloan,8,0,2
1619248079636,3,HTTP Request-POST-Loan,200,,Thread Group-Loan 4-17,text,true,,202,341,1,1,http://localhost:8080/applyloan,3,0,0
1619248079671,17,HTTP Request-GET,200,,Thread Group-Register 1-33,text,true,,2090,160,1,1,http://localhost:8081/register,17,0,1
1619248079689,8,HTTP Request-POST,200,,Thread Group-Register 1-33,text,true,,216,514,1,1,http://localhost:8081/register,8,0,0
1619248079787,5,HTTP Request-POST-Address,200,,Thread Group-Update 3-19,text,true,,270,319,1,1,http://localhost:8081/update/address,4,0,1
1619248079792,4,HTTP Request-POST-Contact,200,,Thread Group-Update 3-19,text,true,,222,259,1,1,http://localhost:8081/update/contact,4,0,0
1619248079796,20,HTTP Request-POST-Email,200,,Thread Group-Update 3-19,text,true,,232,265,1,1,http://localhost:8081/update/email,20,0,0
1619248080177,15,HTTP Request-GET,200,,Thread Group-Register 1-34,text,true,,2090,160,1,1,http://localhost:8081/register,15,0,3
1619248080198,12,HTTP Request-POST,200,,Thread Group-Register 1-34,text,true,,216,514,1,1,http://localhost:8081/register,12,0,0
1619248080558,3,HTTP Request-POST,200,,Thread Group-Login 2-18,text,true,,184,220,1,1,http://localhost:8081/login,3,0,1
1619248080627,6,HTTP Request-GET-Loan,200,,Thread Group-Loan 4-18,text,true,,500,157,1,1,http://localhost:8080/applyloan,6,0,1
1619248080634,2,HTTP Request-POST-Loan,200,,Thread Group-Loan 4-18,text,true,,202,341,1,1,http://localhost:8080/applyloan,2,0,0
1619248080687,6,HTTP Request-POST-Address,200,,Thread Group-Update 3-20,text,true,,270,319,1,2,http://localhost:8081/update/address,5,0,1
1619248080693,7,HTTP Request-POST-Contact,200,,Thread Group-Update 3-20,text,true,,222,259,1,2,http://localhost:8081/update/contact,7,0,0
1619248080684,19,HTTP Request-GET,200,,Thread Group-Register 1-35,text,true,,2090,160,1,2,http://localhost:8081/register,19,0,1
1619248080700,6,HTTP Request-POST-Email,200,,Thread Group-Update 3-20,text,true,,232,265,1,2,http://localhost:8081/update/email,6,0,0
1619248080704,9,HTTP Request-POST,200,,Thread Group-Register 1-35,text,true,,216,514,1,1,http://localhost:8081/register,9,0,0
1619248081192,16,HTTP Request-GET,200,,Thread Group-Register 1-36,text,true,,2090,160,1,1,http://localhost:8081/register,16,0,1
1619248081209,9,HTTP Request-POST,200,,Thread Group-Register 1-36,text,true,,216,514,1,1,http://localhost:8081/register,9,0,0
1619248081557,3,HTTP Request-POST,200,,Thread Group-Login 2-19,text,true,,184,220,1,1,http://localhost:8081/login,3,0,1
1619248081588,4,HTTP Request-POST-Address,200,,Thread Group-Update 3-21,text,true,,270,319,1,1,http://localhost:8081/update/address,4,0,1
1619248081593,4,HTTP Request-POST-Contact,200,,Thread Group-Update 3-21,text,true,,222,259,1,1,http://localhost:8081/update/contact,4,0,0
1619248081597,3,HTTP Request-POST-Email,200,,Thread Group-Update 3-21,text,true,,232,265,1,1,http://localhost:8081/update/email,3,0,0
1619248081627,7,HTTP Request-GET-Loan,200,,Thread Group-Loan 4-19,text,true,,500,157,1,1,http://localhost:8080/applyloan,7,0,2
1619248081634,3,HTTP Request-POST-Loan,200,,Thread Group-Loan 4-19,text,true,,202,341,1,1,http://localhost:8080/applyloan,3,0,0
1619248081697,15,HTTP Request-GET,200,,Thread Group-Register 1-37,text,true,,2090,160,1,1,http://localhost:8081/register,15,0,1
1619248081712,7,HTTP Request-POST,200,,Thread Group-Register 1-37,text,true,,216,514,1,1,http://localhost:8081/register,7,0,0
1619248082204,18,HTTP Request-GET,200,,Thread Group-Register 1-38,text,true,,2090,160,1,1,http://localhost:8081/register,18,0,1
1619248082222,9,HTTP Request-POST,200,,Thread Group-Register 1-38,text,true,,216,514,1,1,http://localhost:8081/register,9,0,0
1619248082489,6,HTTP Request-POST-Address,200,,Thread Group-Update 3-22,text,true,,270,319,1,1,http://localhost:8081/update/address,6,0,1
1619248082496,6,HTTP Request-POST-Contact,200,,Thread Group-Update 3-22,text,true,,222,259,1,1,http://localhost:8081/update/contact,6,0,0
1619248082503,6,HTTP Request-POST-Email,200,,Thread Group-Update 3-22,text,true,,232,265,1,1,http://localhost:8081/update/email,5,0,0
1619248082542,4,HTTP Request-POST,200,,Thread Group-Login 2-20,text,true,,184,220,1,1,http://localhost:8081/login,4,0,2
1619248082628,6,HTTP Request-GET-Loan,200,,Thread Group-Loan 4-20,text,true,,500,157,1,1,http://localhost:8080/applyloan,6,0,1
1619248082634,3,HTTP Request-POST-Loan,200,,Thread Group-Loan 4-20,text,true,,202,341,1,1,http://localhost:8080/applyloan,3,0,0
1619248082709,13,HTTP Request-GET,200,,Thread Group-Register 1-39,text,true,,2090,160,1,1,http://localhost:8081/register,13,0,2
1619248082723,7,HTTP Request-POST,200,,Thread Group-Register 1-39,text,true,,216,514,1,1,http://localhost:8081/register,7,0,0
1619248083216,16,HTTP Request-GET,200,,Thread Group-Register 1-40,text,true,,2090,160,1,1,http://localhost:8081/register,16,0,1
1619248083233,8,HTTP Request-POST,200,,Thread Group-Register 1-40,text,true,,216,514,1,1,http://localhost:8081/register,8,0,0
1619248083386,5,HTTP Request-POST-Address,200,,Thread Group-Update 3-23,text,true,,270,319,1,1,http://localhost:8081/update/address,5,0,1
1619248083391,4,HTTP Request-POST-Contact,200,,Thread Group-Update 3-23,text,true,,222,259,1,1,http://localhost:8081/update/contact,4,0,0
1619248083396,3,HTTP Request-POST-Email,200,,Thread Group-Update 3-23,text,true,,232,265,1,1,http://localhost:8081/update/email,3,0,0
1619248083555,3,HTTP Request-POST,200,,Thread Group-Login 2-21,text,true,,184,220,1,1,http://localhost:8081/login,3,0,1
1619248083628,5,HTTP Request-GET-Loan,200,,Thread Group-Loan 4-21,text,true,,500,157,1,1,http://localhost:8080/applyloan,5,0,0
1619248083634,2,HTTP Request-POST-Loan,200,,Thread Group-Loan 4-21,text,true,,202,341,1,1,http://localhost:8080/applyloan,2,0,0
1619248083723,14,HTTP Request-GET,200,,Thread Group-Register 1-41,text,true,,2090,160,1,1,http://localhost:8081/register,14,0,1
1619248083737,8,HTTP Request-POST,200,,Thread Group-Register 1-41,text,true,,216,514,1,1,http://localhost:8081/register,8,0,0
1619248084229,13,HTTP Request-GET,200,,Thread Group-Register 1-42,text,true,,2090,160,1,1,http://localhost:8081/register,13,0,1
1619248084243,8,HTTP Request-POST,200,,Thread Group-Register 1-42,text,true,,216,514,1,1,http://localhost:8081/register,8,0,0
1619248084287,4,HTTP Request-POST-Address,200,,Thread Group-Update 3-24,text,true,,270,319,1,1,http://localhost:8081/update/address,4,0,1
1619248084291,4,HTTP Request-POST-Contact,200,,Thread Group-Update 3-24,text,true,,222,259,1,1,http://localhost:8081/update/contact,4,0,0
1619248084295,4,HTTP Request-POST-Email,200,,Thread Group-Update 3-24,text,true,,232,265,1,1,http://localhost:8081/update/email,4,0,0
1619248084557,4,HTTP Request-POST,200,,Thread Group-Login 2-22,text,true,,184,220,1,1,http://localhost:8081/login,4,0,1
1619248084627,6,HTTP Request-GET-Loan,200,,Thread Group-Loan 4-22,text,true,,500,157,1,1,http://localhost:8080/applyloan,6,0,1
1619248084633,4,HTTP Request-POST-Loan,200,,Thread Group-Loan 4-22,text,true,,202,341,1,1,http://localhost:8080/applyloan,3,0,0
1619248084736,12,HTTP Request-GET,200,,Thread Group-Register 1-43,text,true,,2090,160,1,1,http://localhost:8081/register,12,0,1
1619248084749,5,HTTP Request-POST,200,,Thread Group-Register 1-43,text,true,,216,514,1,1,http://localhost:8081/register,5,0,0
1619248085189,8,HTTP Request-POST-Address,200,,Thread Group-Update 3-25,text,true,,270,319,1,1,http://localhost:8081/update/address,8,0,1
1619248085197,5,HTTP Request-POST-Contact,200,,Thread Group-Update 3-25,text,true,,222,259,1,1,http://localhost:8081/update/contact,5,0,0
1619248085203,4,HTTP Request-POST-Email,200,,Thread Group-Update 3-25,text,true,,232,265,1,1,http://localhost:8081/update/email,4,0,0
1619248085245,14,HTTP Request-GET,200,,Thread Group-Register 1-44,text,true,,2090,160,1,1,http://localhost:8081/register,14,0,1
1619248085260,9,HTTP Request-POST,200,,Thread Group-Register 1-44,text,true,,216,514,1,1,http://localhost:8081/register,9,0,0
1619248085555,3,HTTP Request-POST,200,,Thread Group-Login 2-23,text,true,,184,220,1,1,http://localhost:8081/login,3,0,1
1619248085628,7,HTTP Request-GET-Loan,200,,Thread Group-Loan 4-23,text,true,,500,157,1,1,http://localhost:8080/applyloan,7,0,1
1619248085636,3,HTTP Request-POST-Loan,200,,Thread Group-Loan 4-23,text,true,,202,341,1,1,http://localhost:8080/applyloan,3,0,0
1619248085749,13,HTTP Request-GET,200,,Thread Group-Register 1-45,text,true,,2090,160,1,1,http://localhost:8081/register,13,0,1
1619248085762,6,HTTP Request-POST,200,,Thread Group-Register 1-45,text,true,,216,514,1,1,http://localhost:8081/register,6,0,0
1619248086088,5,HTTP Request-POST-Address,200,,Thread Group-Update 3-26,text,true,,270,319,1,1,http://localhost:8081/update/address,5,0,1
1619248086094,3,HTTP Request-POST-Contact,200,,Thread Group-Update 3-26,text,true,,222,259,1,1,http://localhost:8081/update/contact,2,0,0
1619248086097,2,HTTP Request-POST-Email,200,,Thread Group-Update 3-26,text,true,,232,265,1,1,http://localhost:8081/update/email,2,0,0
1619248086257,22,HTTP Request-GET,200,,Thread Group-Register 1-46,text,true,,2090,160,1,1,http://localhost:8081/register,22,0,4
1619248086279,9,HTTP Request-POST,200,,Thread Group-Register 1-46,text,true,,216,514,1,1,http://localhost:8081/register,9,0,0
1619248086556,5,HTTP Request-POST,200,,Thread Group-Login 2-24,text,true,,184,220,1,1,http://localhost:8081/login,5,0,1
1619248086628,6,HTTP Request-GET-Loan,200,,Thread Group-Loan 4-24,text,true,,500,157,1,1,http://localhost:8080/applyloan,6,0,1
1619248086634,3,HTTP Request-POST-Loan,200,,Thread Group-Loan 4-24,text,true,,202,341,1,1,http://localhost:8080/applyloan,3,0,0
1619248086763,12,HTTP Request-GET,200,,Thread Group-Register 1-47,text,true,,2090,160,1,1,http://localhost:8081/register,12,0,1
1619248086776,8,HTTP Request-POST,200,,Thread Group-Register 1-47,text,true,,216,514,1,1,http://localhost:8081/register,8,0,0
1619248086989,6,HTTP Request-POST-Address,200,,Thread Group-Update 3-27,text,true,,270,319,1,1,http://localhost:8081/update/address,6,0,1
1619248086995,4,HTTP Request-POST-Contact,200,,Thread Group-Update 3-27,text,true,,222,259,1,1,http://localhost:8081/update/contact,4,0,0
1619248087000,3,HTTP Request-POST-Email,200,,Thread Group-Update 3-27,text,true,,232,265,1,1,http://localhost:8081/update/email,3,0,0
1619248087270,13,HTTP Request-GET,200,,Thread Group-Register 1-48,text,true,,2090,160,1,1,http://localhost:8081/register,13,0,1
1619248087284,5,HTTP Request-POST,200,,Thread Group-Register 1-48,text,true,,216,514,1,1,http://localhost:8081/register,5,0,0
1619248087549,3,HTTP Request-POST,200,,Thread Group-Login 2-25,text,true,,184,220,1,1,http://localhost:8081/login,3,0,1
1619248087626,6,HTTP Request-GET-Loan,200,,Thread Group-Loan 4-25,text,true,,500,157,1,1,http://localhost:8080/applyloan,6,0,1
1619248087632,3,HTTP Request-POST-Loan,200,,Thread Group-Loan 4-25,text,true,,202,341,1,1,http://localhost:8080/applyloan,3,0,0
1619248087780,23,HTTP Request-GET,200,,Thread Group-Register 1-49,text,true,,2090,160,1,1,http://localhost:8081/register,23,0,2
1619248087803,13,HTTP Request-POST,200,,Thread Group-Register 1-49,text,true,,216,514,1,1,http://localhost:8081/register,13,0,0
1619248087893,6,HTTP Request-POST-Address,200,,Thread Group-Update 3-28,text,true,,270,319,1,1,http://localhost:8081/update/address,5,0,1
1619248087899,4,HTTP Request-POST-Contact,200,,Thread Group-Update 3-28,text,true,,222,259,1,1,http://localhost:8081/update/contact,3,0,0
1619248087903,3,HTTP Request-POST-Email,200,,Thread Group-Update 3-28,text,true,,232,265,1,1,http://localhost:8081/update/email,3,0,0
1619248088286,13,HTTP Request-GET,200,,Thread Group-Register 1-50,text,true,,2090,160,1,1,http://localhost:8081/register,13,0,1
1619248088299,7,HTTP Request-POST,200,,Thread Group-Register 1-50,text,true,,216,514,1,1,http://localhost:8081/register,7,0,0
1619248088550,3,HTTP Request-POST,200,,Thread Group-Login 2-26,text,true,,184,220,1,1,http://localhost:8081/login,3,0,1
1619248088626,6,HTTP Request-GET-Loan,200,,Thread Group-Loan 4-26,text,true,,500,157,1,1,http://localhost:8080/applyloan,5,0,0
1619248088632,2,HTTP Request-POST-Loan,200,,Thread Group-Loan 4-26,text,true,,202,341,1,1,http://localhost:8080/applyloan,2,0,0
1619248088789,6,HTTP Request-POST-Address,200,,Thread Group-Update 3-29,text,true,,270,319,1,2,http://localhost:8081/update/address,6,0,1
1619248088796,4,HTTP Request-POST-Contact,200,,Thread Group-Update 3-29,text,true,,222,259,1,2,http://localhost:8081/update/contact,4,0,0
1619248088800,4,HTTP Request-POST-Email,200,,Thread Group-Update 3-29,text,true,,232,265,1,2,http://localhost:8081/update/email,4,0,0
1619248088795,17,HTTP Request-GET,200,,Thread Group-Register 1-51,text,true,,2090,160,1,1,http://localhost:8081/register,17,0,2
1619248088812,6,HTTP Request-POST,200,,Thread Group-Register 1-51,text,true,,216,514,1,1,http://localhost:8081/register,6,0,0
1619248089300,16,HTTP Request-GET,200,,Thread Group-Register 1-52,text,true,,2090,160,1,1,http://localhost:8081/register,16,0,1
1619248089316,7,HTTP Request-POST,200,,Thread Group-Register 1-52,text,true,,216,514,1,1,http://localhost:8081/register,7,0,0
1619248089550,3,HTTP Request-POST,200,,Thread Group-Login 2-27,text,true,,184,220,1,1,http://localhost:8081/login,3,0,1
1619248089625,7,HTTP Request-GET-Loan,200,,Thread Group-Loan 4-27,text,true,,500,157,1,1,http://localhost:8080/applyloan,7,0,1
1619248089632,3,HTTP Request-POST-Loan,200,,Thread Group-Loan 4-27,text,true,,202,341,1,1,http://localhost:8080/applyloan,3,0,0
1619248089693,5,HTTP Request-POST-Address,200,,Thread Group-Update 3-30,text,true,,270,319,1,1,http://localhost:8081/update/address,5,0,1
1619248089698,3,HTTP Request-POST-Contact,200,,Thread Group-Update 3-30,text,true,,222,259,1,1,http://localhost:8081/update/contact,3,0,0
1619248089701,3,HTTP Request-POST-Email,200,,Thread Group-Update 3-30,text,true,,232,265,1,1,http://localhost:8081/update/email,3,0,0
1619248089805,13,HTTP Request-GET,200,,Thread Group-Register 1-53,text,true,,2090,160,1,1,http://localhost:8081/register,12,0,1
1619248089818,6,HTTP Request-POST,200,,Thread Group-Register 1-53,text,true,,216,514,1,1,http://localhost:8081/register,6,0,0
1619248090312,11,HTTP Request-GET,200,,Thread Group-Register 1-54,text,true,,2090,160,1,1,http://localhost:8081/register,11,0,1
1619248090323,8,HTTP Request-POST,200,,Thread Group-Register 1-54,text,true,,216,514,1,1,http://localhost:8081/register,8,0,0
1619248090551,3,HTTP Request-POST,200,,Thread Group-Login 2-28,text,true,,184,220,1,1,http://localhost:8081/login,3,0,1
1619248090589,5,HTTP Request-POST-Address,200,,Thread Group-Update 3-31,text,true,,270,319,1,1,http://localhost:8081/update/address,5,0,2
1619248090594,3,HTTP Request-POST-Contact,200,,Thread Group-Update 3-31,text,true,,222,259,1,1,http://localhost:8081/update/contact,3,0,0
1619248090598,3,HTTP Request-POST-Email,200,,Thread Group-Update 3-31,text,true,,232,265,1,1,http://localhost:8081/update/email,3,0,0
1619248090625,18,HTTP Request-GET-Loan,200,,Thread Group-Loan 4-28,text,true,,500,157,1,1,http://localhost:8080/applyloan,18,0,0
1619248090644,3,HTTP Request-POST-Loan,200,,Thread Group-Loan 4-28,text,true,,202,341,1,1,http://localhost:8080/applyloan,3,0,0
1619248090820,16,HTTP Request-GET,200,,Thread Group-Register 1-55,text,true,,2090,160,1,1,http://localhost:8081/register,15,0,1
1619248090836,6,HTTP Request-POST,200,,Thread Group-Register 1-55,text,true,,216,514,1,1,http://localhost:8081/register,6,0,0
1619248091327,11,HTTP Request-GET,200,,Thread Group-Register 1-56,text,true,,2090,160,1,1,http://localhost:8081/register,11,0,2
1619248091338,7,HTTP Request-POST,200,,Thread Group-Register 1-56,text,true,,216,514,1,1,http://localhost:8081/register,7,0,0
1619248091490,5,HTTP Request-POST-Address,200,,Thread Group-Update 3-32,text,true,,270,319,1,1,http://localhost:8081/update/address,5,0,2
1619248091496,5,HTTP Request-POST-Contact,200,,Thread Group-Update 3-32,text,true,,222,259,1,1,http://localhost:8081/update/contact,5,0,0
1619248091501,3,HTTP Request-POST-Email,200,,Thread Group-Update 3-32,text,true,,232,265,1,1,http://localhost:8081/update/email,3,0,0
1619248091543,3,HTTP Request-POST,200,,Thread Group-Login 2-29,text,true,,184,220,1,1,http://localhost:8081/login,3,0,1
1619248091624,6,HTTP Request-GET-Loan,200,,Thread Group-Loan 4-29,text,true,,500,157,1,1,http://localhost:8080/applyloan,6,0,1
1619248091630,3,HTTP Request-POST-Loan,200,,Thread Group-Loan 4-29,text,true,,202,341,1,1,http://localhost:8080/applyloan,3,0,0
1619248091834,11,HTTP Request-GET,200,,Thread Group-Register 1-57,text,true,,2090,160,1,1,http://localhost:8081/register,11,0,1
1619248091845,6,HTTP Request-POST,200,,Thread Group-Register 1-57,text,true,,216,514,1,1,http://localhost:8081/register,6,0,0
1619248092342,10,HTTP Request-GET,200,,Thread Group-Register 1-58,text,true,,2090,160,1,1,http://localhost:8081/register,10,0,1
1619248092352,9,HTTP Request-POST,200,,Thread Group-Register 1-58,text,true,,216,514,1,1,http://localhost:8081/register,8,0,0
1619248092388,5,HTTP Request-POST-Address,200,,Thread Group-Update 3-33,text,true,,270,319,1,1,http://localhost:8081/update/address,5,0,1
1619248092394,3,HTTP Request-POST-Contact,200,,Thread Group-Update 3-33,text,true,,222,259,1,1,http://localhost:8081/update/contact,3,0,0
1619248092397,4,HTTP Request-POST-Email,200,,Thread Group-Update 3-33,text,true,,232,265,1,1,http://localhost:8081/update/email,4,0,0
1619248092547,3,HTTP Request-POST,200,,Thread Group-Login 2-30,text,true,,184,220,1,1,http://localhost:8081/login,3,0,1
1619248092624,7,HTTP Request-GET-Loan,200,,Thread Group-Loan 4-30,text,true,,500,157,1,1,http://localhost:8080/applyloan,7,0,1
1619248092631,3,HTTP Request-POST-Loan,200,,Thread Group-Loan 4-30,text,true,,202,341,1,1,http://localhost:8080/applyloan,3,0,0
1619248092847,15,HTTP Request-GET,200,,Thread Group-Register 1-59,text,true,,2090,160,1,1,http://localhost:8081/register,15,0,1
1619248092862,7,HTTP Request-POST,200,,Thread Group-Register 1-59,text,true,,216,514,1,1,http://localhost:8081/register,7,0,0
1619248093290,4,HTTP Request-POST-Address,200,,Thread Group-Update 3-34,text,true,,270,319,1,1,http://localhost:8081/update/address,4,0,1
1619248093294,3,HTTP Request-POST-Contact,200,,Thread Group-Update 3-34,text,true,,222,259,1,1,http://localhost:8081/update/contact,3,0,0
1619248093298,4,HTTP Request-POST-Email,200,,Thread Group-Update 3-34,text,true,,232,265,1,1,http://localhost:8081/update/email,4,0,0
1619248093358,11,HTTP Request-GET,200,,Thread Group-Register 1-60,text,true,,2090,160,1,1,http://localhost:8081/register,10,0,1
1619248093369,7,HTTP Request-POST,200,,Thread Group-Register 1-60,text,true,,216,514,1,1,http://localhost:8081/register,7,0,0
1619248093546,3,HTTP Request-POST,200,,Thread Group-Login 2-31,text,true,,184,220,1,1,http://localhost:8081/login,3,0,1
1619248093627,7,HTTP Request-GET-Loan,200,,Thread Group-Loan 4-31,text,true,,500,157,1,1,http://localhost:8080/applyloan,7,0,1
1619248093634,3,HTTP Request-POST-Loan,200,,Thread Group-Loan 4-31,text,true,,202,341,1,1,http://localhost:8080/applyloan,3,0,0
1619248093863,13,HTTP Request-GET,200,,Thread Group-Register 1-61,text,true,,2090,160,1,1,http://localhost:8081/register,13,0,1
1619248093876,6,HTTP Request-POST,200,,Thread Group-Register 1-61,text,true,,216,514,1,1,http://localhost:8081/register,6,0,0
1619248094190,9,HTTP Request-POST-Address,200,,Thread Group-Update 3-35,text,true,,270,319,1,1,http://localhost:8081/update/address,9,0,4
1619248094199,6,HTTP Request-POST-Contact,200,,Thread Group-Update 3-35,text,true,,222,259,1,1,http://localhost:8081/update/contact,6,0,0
1619248094205,4,HTTP Request-POST-Email,200,,Thread Group-Update 3-35,text,true,,232,265,1,1,http://localhost:8081/update/email,4,0,0
1619248094369,12,HTTP Request-GET,200,,Thread Group-Register 1-62,text,true,,2090,160,1,1,http://localhost:8081/register,12,0,2
1619248094382,6,HTTP Request-POST,200,,Thread Group-Register 1-62,text,true,,216,514,1,1,http://localhost:8081/register,5,0,0
1619248094542,3,HTTP Request-POST,200,,Thread Group-Login 2-32,text,true,,184,220,1,1,http://localhost:8081/login,3,0,1
1619248094624,10,HTTP Request-GET-Loan,200,,Thread Group-Loan 4-32,text,true,,500,157,1,1,http://localhost:8080/applyloan,10,0,2
1619248094634,7,HTTP Request-POST-Loan,200,,Thread Group-Loan 4-32,text,true,,202,341,1,1,http://localhost:8080/applyloan,7,0,0
1619248094875,11,HTTP Request-GET,200,,Thread Group-Register 1-63,text,true,,2090,160,1,1,http://localhost:8081/register,11,0,1
1619248094886,7,HTTP Request-POST,200,,Thread Group-Register 1-63,text,true,,216,514,1,1,http://localhost:8081/register,7,0,0
1619248095088,4,HTTP Request-POST-Address,200,,Thread Group-Update 3-36,text,true,,270,319,1,1,http://localhost:8081/update/address,4,0,1
1619248095093,2,HTTP Request-POST-Contact,200,,Thread Group-Update 3-36,text,true,,222,259,1,1,http://localhost:8081/update/contact,2,0,0
1619248095096,3,HTTP Request-POST-Email,200,,Thread Group-Update 3-36,text,true,,232,265,1,1,http://localhost:8081/update/email,3,0,0
1619248095384,12,HTTP Request-GET,200,,Thread Group-Register 1-64,text,true,,2090,160,1,1,http://localhost:8081/register,12,0,1
1619248095396,6,HTTP Request-POST,200,,Thread Group-Register 1-64,text,true,,216,514,1,1,http://localhost:8081/register,6,0,0
1619248095540,3,HTTP Request-POST,200,,Thread Group-Login 2-33,text,true,,184,220,1,1,http://localhost:8081/login,3,0,1
1619248095622,6,HTTP Request-GET-Loan,200,,Thread Group-Loan 4-33,text,true,,500,157,1,1,http://localhost:8080/applyloan,6,0,1
1619248095628,3,HTTP Request-POST-Loan,200,,Thread Group-Loan 4-33,text,true,,202,341,1,1,http://localhost:8080/applyloan,3,0,0
1619248095892,11,HTTP Request-GET,200,,Thread Group-Register 1-65,text,true,,2090,160,1,1,http://localhost:8081/register,11,0,1
1619248095903,8,HTTP Request-POST,200,,Thread Group-Register 1-65,text,true,,216,514,1,1,http://localhost:8081/register,8,0,0
1619248095988,5,HTTP Request-POST-Address,200,,Thread Group-Update 3-37,text,true,,270,319,1,1,http://localhost:8081/update/address,5,0,1
1619248095994,4,HTTP Request-POST-Contact,200,,Thread Group-Update 3-37,text,true,,222,259,1,1,http://localhost:8081/update/contact,4,0,0
1619248095998,4,HTTP Request-POST-Email,200,,Thread Group-Update 3-37,text,true,,232,265,1,1,http://localhost:8081/update/email,3,0,0
1619248096400,14,HTTP Request-GET,200,,Thread Group-Register 1-66,text,true,,2090,160,1,1,http://localhost:8081/register,13,0,1
1619248096414,8,HTTP Request-POST,200,,Thread Group-Register 1-66,text,true,,216,514,1,1,http://localhost:8081/register,8,0,0
1619248096540,3,HTTP Request-POST,200,,Thread Group-Login 2-34,text,true,,184,220,1,1,http://localhost:8081/login,3,0,1
1619248096622,7,HTTP Request-GET-Loan,200,,Thread Group-Loan 4-34,text,true,,500,157,1,1,http://localhost:8080/applyloan,7,0,1
1619248096629,3,HTTP Request-POST-Loan,200,,Thread Group-Loan 4-34,text,true,,202,341,1,1,http://localhost:8080/applyloan,3,0,0
1619248096887,4,HTTP Request-POST-Address,200,,Thread Group-Update 3-38,text,true,,270,319,1,1,http://localhost:8081/update/address,4,0,1
1619248096892,3,HTTP Request-POST-Contact,200,,Thread Group-Update 3-38,text,true,,222,259,1,1,http://localhost:8081/update/contact,3,0,0
1619248096896,3,HTTP Request-POST-Email,200,,Thread Group-Update 3-38,text,true,,232,265,1,1,http://localhost:8081/update/email,3,0,0
1619248096910,13,HTTP Request-GET,200,,Thread Group-Register 1-67,text,true,,2090,160,1,1,http://localhost:8081/register,13,0,1
1619248096923,6,HTTP Request-POST,200,,Thread Group-Register 1-67,text,true,,216,514,1,1,http://localhost:8081/register,6,0,0
1619248097418,14,HTTP Request-GET,200,,Thread Group-Register 1-68,text,true,,2090,160,1,1,http://localhost:8081/register,14,0,2
1619248097432,10,HTTP Request-POST,200,,Thread Group-Register 1-68,text,true,,216,514,1,1,http://localhost:8081/register,10,0,0
1619248097544,4,HTTP Request-POST,200,,Thread Group-Login 2-35,text,true,,184,220,1,1,http://localhost:8081/login,4,0,1
1619248097621,10,HTTP Request-GET-Loan,200,,Thread Group-Loan 4-35,text,true,,500,157,1,1,http://localhost:8080/applyloan,10,0,1
1619248097632,3,HTTP Request-POST-Loan,200,,Thread Group-Loan 4-35,text,true,,202,341,1,1,http://localhost:8080/applyloan,3,0,0
1619248097788,5,HTTP Request-POST-Address,200,,Thread Group-Update 3-39,text,true,,270,319,1,1,http://localhost:8081/update/address,5,0,1
1619248097794,4,HTTP Request-POST-Contact,200,,Thread Group-Update 3-39,text,true,,222,259,1,1,http://localhost:8081/update/contact,4,0,0
1619248097798,7,HTTP Request-POST-Email,200,,Thread Group-Update 3-39,text,true,,232,265,1,1,http://localhost:8081/update/email,6,0,0
1619248097922,15,HTTP Request-GET,200,,Thread Group-Register 1-69,text,true,,2090,160,1,1,http://localhost:8081/register,15,0,1
1619248097938,11,HTTP Request-POST,200,,Thread Group-Register 1-69,text,true,,216,514,1,1,http://localhost:8081/register,11,0,0
1619248098430,16,HTTP Request-GET,200,,Thread Group-Register 1-70,text,true,,2090,160,1,1,http://localhost:8081/register,16,0,1
1619248098446,9,HTTP Request-POST,200,,Thread Group-Register 1-70,text,true,,216,514,1,1,http://localhost:8081/register,9,0,0
1619248098543,3,HTTP Request-POST,200,,Thread Group-Login 2-36,text,true,,184,220,1,1,http://localhost:8081/login,3,0,1
1619248098621,8,HTTP Request-GET-Loan,200,,Thread Group-Loan 4-36,text,true,,500,157,1,1,http://localhost:8080/applyloan,8,0,1
1619248098629,5,HTTP Request-POST-Loan,200,,Thread Group-Loan 4-36,text,true,,202,341,1,1,http://localhost:8080/applyloan,5,0,0
1619248098689,7,HTTP Request-POST-Address,200,,Thread Group-Update 3-40,text,true,,270,319,1,1,http://localhost:8081/update/address,7,0,2
1619248098697,4,HTTP Request-POST-Contact,200,,Thread Group-Update 3-40,text,true,,222,259,1,1,http://localhost:8081/update/contact,4,0,0
1619248098701,5,HTTP Request-POST-Email,200,,Thread Group-Update 3-40,text,true,,232,265,1,1,http://localhost:8081/update/email,5,0,0
1619248098944,13,HTTP Request-GET,200,,Thread Group-Register 1-71,text,true,,2090,160,1,1,http://localhost:8081/register,13,0,2
1619248098958,6,HTTP Request-POST,200,,Thread Group-Register 1-71,text,true,,216,514,1,1,http://localhost:8081/register,6,0,0
1619248099444,13,HTTP Request-GET,200,,Thread Group-Register 1-72,text,true,,2090,160,1,1,http://localhost:8081/register,13,0,1
1619248099457,7,HTTP Request-POST,200,,Thread Group-Register 1-72,text,true,,216,514,1,1,http://localhost:8081/register,7,0,0
1619248099545,4,HTTP Request-POST,200,,Thread Group-Login 2-37,text,true,,184,220,1,1,http://localhost:8081/login,3,0,1
1619248099588,5,HTTP Request-POST-Address,200,,Thread Group-Update 3-41,text,true,,270,319,1,1,http://localhost:8081/update/address,5,0,1
1619248099593,3,HTTP Request-POST-Contact,200,,Thread Group-Update 3-41,text,true,,222,259,1,1,http://localhost:8081/update/contact,3,0,0
1619248099596,3,HTTP Request-POST-Email,200,,Thread Group-Update 3-41,text,true,,232,265,1,1,http://localhost:8081/update/email,3,0,0
1619248099623,7,HTTP Request-GET-Loan,200,,Thread Group-Loan 4-37,text,true,,500,157,1,1,http://localhost:8080/applyloan,7,0,1
1619248099630,3,HTTP Request-POST-Loan,200,,Thread Group-Loan 4-37,text,true,,202,341,1,1,http://localhost:8080/applyloan,3,0,0
1619248099954,12,HTTP Request-GET,200,,Thread Group-Register 1-73,text,true,,2090,160,1,1,http://localhost:8081/register,12,0,1
1619248099967,11,HTTP Request-POST,200,,Thread Group-Register 1-73,text,true,,216,514,1,1,http://localhost:8081/register,11,0,0
1619248100457,14,HTTP Request-GET,200,,Thread Group-Register 1-74,text,true,,2090,160,1,1,http://localhost:8081/register,14,0,1
1619248100471,6,HTTP Request-POST,200,,Thread Group-Register 1-74,text,true,,216,514,1,1,http://localhost:8081/register,6,0,0
1619248100488,4,HTTP Request-POST-Address,200,,Thread Group-Update 3-42,text,true,,270,319,1,1,http://localhost:8081/update/address,4,0,1
1619248100492,3,HTTP Request-POST-Contact,200,,Thread Group-Update 3-42,text,true,,222,259,1,1,http://localhost:8081/update/contact,3,0,0
1619248100496,3,HTTP Request-POST-Email,200,,Thread Group-Update 3-42,text,true,,232,265,1,1,http://localhost:8081/update/email,3,0,0
1619248100543,3,HTTP Request-POST,200,,Thread Group-Login 2-38,text,true,,184,220,1,1,http://localhost:8081/login,3,0,1
1619248100622,5,HTTP Request-GET-Loan,200,,Thread Group-Loan 4-38,text,true,,500,157,1,1,http://localhost:8080/applyloan,5,0,0
1619248100627,3,HTTP Request-POST-Loan,200,,Thread Group-Loan 4-38,text,true,,202,341,1,1,http://localhost:8080/applyloan,3,0,0
1619248100967,13,HTTP Request-GET,200,,Thread Group-Register 1-75,text,true,,2090,160,1,1,http://localhost:8081/register,13,0,1
1619248100980,9,HTTP Request-POST,200,,Thread Group-Register 1-75,text,true,,216,514,1,1,http://localhost:8081/register,9,0,0
1619248101388,4,HTTP Request-POST-Address,200,,Thread Group-Update 3-43,text,true,,270,319,1,1,http://localhost:8081/update/address,4,0,1
1619248101392,18,HTTP Request-POST-Contact,200,,Thread Group-Update 3-43,text,true,,222,259,1,1,http://localhost:8081/update/contact,18,0,0
1619248101410,3,HTTP Request-POST-Email,200,,Thread Group-Update 3-43,text,true,,232,265,1,1,http://localhost:8081/update/email,3,0,0
1619248101473,11,HTTP Request-GET,200,,Thread Group-Register 1-76,text,true,,2090,160,1,1,http://localhost:8081/register,10,0,1
1619248101484,7,HTTP Request-POST,200,,Thread Group-Register 1-76,text,true,,216,514,1,1,http://localhost:8081/register,7,0,0
1619248101544,2,HTTP Request-POST,200,,Thread Group-Login 2-39,text,true,,184,220,1,1,http://localhost:8081/login,2,0,0
1619248101622,5,HTTP Request-GET-Loan,200,,Thread Group-Loan 4-39,text,true,,500,157,1,1,http://localhost:8080/applyloan,5,0,1
1619248101627,3,HTTP Request-POST-Loan,200,,Thread Group-Loan 4-39,text,true,,202,341,1,1,http://localhost:8080/applyloan,3,0,0
1619248101979,9,HTTP Request-GET,200,,Thread Group-Register 1-77,text,true,,2090,160,1,1,http://localhost:8081/register,9,0,0
1619248101989,5,HTTP Request-POST,200,,Thread Group-Register 1-77,text,true,,216,514,1,1,http://localhost:8081/register,5,0,0
1619248102288,3,HTTP Request-POST-Address,200,,Thread Group-Update 3-44,text,true,,270,319,1,1,http://localhost:8081/update/address,3,0,1
1619248102292,2,HTTP Request-POST-Contact,200,,Thread Group-Update 3-44,text,true,,222,259,1,1,http://localhost:8081/update/contact,2,0,0
1619248102295,2,HTTP Request-POST-Email,200,,Thread Group-Update 3-44,text,true,,232,265,1,1,http://localhost:8081/update/email,2,0,0
1619248102490,9,HTTP Request-GET,200,,Thread Group-Register 1-78,text,true,,2090,160,1,1,http://localhost:8081/register,9,0,1
1619248102499,5,HTTP Request-POST,200,,Thread Group-Register 1-78,text,true,,216,514,1,1,http://localhost:8081/register,5,0,0
1619248102542,3,HTTP Request-POST,200,,Thread Group-Login 2-40,text,true,,184,220,1,1,http://localhost:8081/login,2,0,1
1619248102621,6,HTTP Request-GET-Loan,200,,Thread Group-Loan 4-40,text,true,,500,157,1,1,http://localhost:8080/applyloan,6,0,1
1619248102627,2,HTTP Request-POST-Loan,200,,Thread Group-Loan 4-40,text,true,,202,341,1,1,http://localhost:8080/applyloan,2,0,0
1619248102993,10,HTTP Request-GET,200,,Thread Group-Register 1-79,text,true,,2090,160,1,1,http://localhost:8081/register,10,0,1
1619248103003,5,HTTP Request-POST,200,,Thread Group-Register 1-79,text,true,,216,514,1,1,http://localhost:8081/register,5,0,0
1619248103187,5,HTTP Request-POST-Address,200,,Thread Group-Update 3-45,text,true,,270,319,1,1,http://localhost:8081/update/address,5,0,1
1619248103193,2,HTTP Request-POST-Contact,200,,Thread Group-Update 3-45,text,true,,222,259,1,1,http://localhost:8081/update/contact,2,0,0
1619248103196,3,HTTP Request-POST-Email,200,,Thread Group-Update 3-45,text,true,,232,265,1,1,http://localhost:8081/update/email,3,0,0
1619248103501,11,HTTP Request-GET,200,,Thread Group-Register 1-80,text,true,,2090,160,1,1,http://localhost:8081/register,10,0,1
1619248103512,6,HTTP Request-POST,200,,Thread Group-Register 1-80,text,true,,216,514,1,1,http://localhost:8081/register,6,0,0
1619248103542,2,HTTP Request-POST,200,,Thread Group-Login 2-41,text,true,,184,220,1,1,http://localhost:8081/login,2,0,1
1619248103621,6,HTTP Request-GET-Loan,200,,Thread Group-Loan 4-41,text,true,,500,157,1,1,http://localhost:8080/applyloan,6,0,1
1619248103627,2,HTTP Request-POST-Loan,200,,Thread Group-Loan 4-41,text,true,,202,341,1,1,http://localhost:8080/applyloan,2,0,0
1619248104008,10,HTTP Request-GET,200,,Thread Group-Register 1-81,text,true,,2090,160,1,1,http://localhost:8081/register,10,0,1
1619248104018,7,HTTP Request-POST,200,,Thread Group-Register 1-81,text,true,,216,514,1,1,http://localhost:8081/register,7,0,0
1619248104088,4,HTTP Request-POST-Address,200,,Thread Group-Update 3-46,text,true,,270,319,1,1,http://localhost:8081/update/address,4,0,1
1619248104092,3,HTTP Request-POST-Contact,200,,Thread Group-Update 3-46,text,true,,222,259,1,1,http://localhost:8081/update/contact,3,0,0
1619248104095,3,HTTP Request-POST-Email,200,,Thread Group-Update 3-46,text,true,,232,265,1,1,http://localhost:8081/update/email,3,0,0
1619248104516,13,HTTP Request-GET,200,,Thread Group-Register 1-82,text,true,,2090,160,1,1,http://localhost:8081/register,13,0,1
1619248104529,6,HTTP Request-POST,200,,Thread Group-Register 1-82,text,true,,216,514,1,1,http://localhost:8081/register,6,0,0
1619248104541,3,HTTP Request-POST,200,,Thread Group-Login 2-42,text,true,,184,220,1,1,http://localhost:8081/login,3,0,1
1619248104620,6,HTTP Request-GET-Loan,200,,Thread Group-Loan 4-42,text,true,,500,157,1,1,http://localhost:8080/applyloan,6,0,1
1619248104626,3,HTTP Request-POST-Loan,200,,Thread Group-Loan 4-42,text,true,,202,341,1,1,http://localhost:8080/applyloan,3,0,0
1619248104992,4,HTTP Request-POST-Address,200,,Thread Group-Update 3-47,text,true,,270,319,1,1,http://localhost:8081/update/address,4,0,1
1619248104996,4,HTTP Request-POST-Contact,200,,Thread Group-Update 3-47,text,true,,222,259,1,1,http://localhost:8081/update/contact,4,0,0
1619248105000,3,HTTP Request-POST-Email,200,,Thread Group-Update 3-47,text,true,,232,265,1,1,http://localhost:8081/update/email,3,0,0
1619248105021,10,HTTP Request-GET,200,,Thread Group-Register 1-83,text,true,,2090,160,1,1,http://localhost:8081/register,10,0,1
1619248105032,5,HTTP Request-POST,200,,Thread Group-Register 1-83,text,true,,216,514,1,1,http://localhost:8081/register,5,0,0
1619248105524,10,HTTP Request-GET,200,,Thread Group-Register 1-84,text,true,,2090,160,1,1,http://localhost:8081/register,10,0,1
1619248105534,6,HTTP Request-POST,200,,Thread Group-Register 1-84,text,true,,216,514,1,1,http://localhost:8081/register,6,0,0
1619248105542,3,HTTP Request-POST,200,,Thread Group-Login 2-43,text,true,,184,220,1,1,http://localhost:8081/login,3,0,1
1619248105621,6,HTTP Request-GET-Loan,200,,Thread Group-Loan 4-43,text,true,,500,157,1,1,http://localhost:8080/applyloan,6,0,1
1619248105628,2,HTTP Request-POST-Loan,200,,Thread Group-Loan 4-43,text,true,,202,341,1,1,http://localhost:8080/applyloan,2,0,0
1619248105890,4,HTTP Request-POST-Address,200,,Thread Group-Update 3-48,text,true,,270,319,1,1,http://localhost:8081/update/address,4,0,1
1619248105910,3,HTTP Request-POST-Contact,200,,Thread Group-Update 3-48,text,true,,222,259,1,1,http://localhost:8081/update/contact,3,0,0
1619248105913,3,HTTP Request-POST-Email,200,,Thread Group-Update 3-48,text,true,,232,265,1,1,http://localhost:8081/update/email,3,0,0
1619248106037,14,HTTP Request-GET,200,,Thread Group-Register 1-85,text,true,,2090,160,1,1,http://localhost:8081/register,14,0,1
1619248106051,6,HTTP Request-POST,200,,Thread Group-Register 1-85,text,true,,216,514,1,1,http://localhost:8081/register,6,0,0
1619248106541,3,HTTP Request-POST,200,,Thread Group-Login 2-44,text,true,,184,220,1,2,http://localhost:8081/login,3,0,1
1619248106542,10,HTTP Request-GET,200,,Thread Group-Register 1-86,text,true,,2090,160,1,1,http://localhost:8081/register,10,0,1
1619248106553,5,HTTP Request-POST,200,,Thread Group-Register 1-86,text,true,,216,514,1,1,http://localhost:8081/register,5,0,0
1619248106620,6,HTTP Request-GET-Loan,200,,Thread Group-Loan 4-44,text,true,,500,157,1,1,http://localhost:8080/applyloan,6,0,1
1619248106626,3,HTTP Request-POST-Loan,200,,Thread Group-Loan 4-44,text,true,,202,341,1,1,http://localhost:8080/applyloan,3,0,0
1619248106790,4,HTTP Request-POST-Address,200,,Thread Group-Update 3-49,text,true,,270,319,1,1,http://localhost:8081/update/address,4,0,1
1619248106794,4,HTTP Request-POST-Contact,200,,Thread Group-Update 3-49,text,true,,222,259,1,1,http://localhost:8081/update/contact,4,0,0
1619248106798,3,HTTP Request-POST-Email,200,,Thread Group-Update 3-49,text,true,,232,265,1,1,http://localhost:8081/update/email,3,0,0
1619248107042,11,HTTP Request-GET,200,,Thread Group-Register 1-87,text,true,,2090,160,1,1,http://localhost:8081/register,11,0,1
1619248107054,6,HTTP Request-POST,200,,Thread Group-Register 1-87,text,true,,216,514,1,1,http://localhost:8081/register,6,0,0
1619248107542,3,HTTP Request-POST,200,,Thread Group-Login 2-45,text,true,,184,220,1,1,http://localhost:8081/login,3,0,1
1619248107555,11,HTTP Request-GET,200,,Thread Group-Register 1-88,text,true,,2090,160,1,1,http://localhost:8081/register,10,0,1
1619248107566,6,HTTP Request-POST,200,,Thread Group-Register 1-88,text,true,,216,514,1,1,http://localhost:8081/register,6,0,0
1619248107621,6,HTTP Request-GET-Loan,200,,Thread Group-Loan 4-45,text,true,,500,157,1,1,http://localhost:8080/applyloan,6,0,1
1619248107627,3,HTTP Request-POST-Loan,200,,Thread Group-Loan 4-45,text,true,,202,341,1,1,http://localhost:8080/applyloan,3,0,0
1619248107689,4,HTTP Request-POST-Address,200,,Thread Group-Update 3-50,text,true,,270,319,1,1,http://localhost:8081/update/address,4,0,1
1619248107693,3,HTTP Request-POST-Contact,200,,Thread Group-Update 3-50,text,true,,222,259,1,1,http://localhost:8081/update/contact,3,0,0
1619248107697,3,HTTP Request-POST-Email,200,,Thread Group-Update 3-50,text,true,,232,265,1,1,http://localhost:8081/update/email,3,0,0
1619248108058,11,HTTP Request-GET,200,,Thread Group-Register 1-89,text,true,,2090,160,1,1,http://localhost:8081/register,11,0,1
1619248108070,6,HTTP Request-POST,200,,Thread Group-Register 1-89,text,true,,216,514,1,1,http://localhost:8081/register,5,0,0
1619248108541,2,HTTP Request-POST,200,,Thread Group-Login 2-46,text,true,,184,220,1,1,http://localhost:8081/login,2,0,1
1619248108570,10,HTTP Request-GET,200,,Thread Group-Register 1-90,text,true,,2090,160,1,1,http://localhost:8081/register,10,0,1
1619248108580,6,HTTP Request-POST,200,,Thread Group-Register 1-90,text,true,,216,514,1,1,http://localhost:8081/register,6,0,0
1619248108620,6,HTTP Request-GET-Loan,200,,Thread Group-Loan 4-46,text,true,,500,157,1,1,http://localhost:8080/applyloan,6,0,1
1619248108626,3,HTTP Request-POST-Loan,200,,Thread Group-Loan 4-46,text,true,,202,341,1,1,http://localhost:8080/applyloan,3,0,0
1619248109075,11,HTTP Request-GET,200,,Thread Group-Register 1-91,text,true,,2090,160,1,1,http://localhost:8081/register,10,0,1
1619248109086,5,HTTP Request-POST,200,,Thread Group-Register 1-91,text,true,,216,514,1,1,http://localhost:8081/register,5,0,0
1619248109541,2,HTTP Request-POST,200,,Thread Group-Login 2-47,text,true,,184,220,1,1,http://localhost:8081/login,2,0,0
1619248109582,11,HTTP Request-GET,200,,Thread Group-Register 1-92,text,true,,2090,160,1,1,http://localhost:8081/register,11,0,1
1619248109593,6,HTTP Request-POST,200,,Thread Group-Register 1-92,text,true,,216,514,1,1,http://localhost:8081/register,6,0,0
1619248109620,5,HTTP Request-GET-Loan,200,,Thread Group-Loan 4-47,text,true,,500,157,1,1,http://localhost:8080/applyloan,5,0,1
1619248109626,2,HTTP Request-POST-Loan,200,,Thread Group-Loan 4-47,text,true,,202,341,1,1,http://localhost:8080/applyloan,2,0,0
1619248110088,10,HTTP Request-GET,200,,Thread Group-Register 1-93,text,true,,2090,160,1,1,http://localhost:8081/register,10,0,1
1619248110099,5,HTTP Request-POST,200,,Thread Group-Register 1-93,text,true,,216,514,1,1,http://localhost:8081/register,5,0,0
1619248110542,2,HTTP Request-POST,200,,Thread Group-Login 2-48,text,true,,184,220,1,1,http://localhost:8081/login,2,0,1
1619248110595,9,HTTP Request-GET,200,,Thread Group-Register 1-94,text,true,,2090,160,1,1,http://localhost:8081/register,9,0,0
1619248110604,5,HTTP Request-POST,200,,Thread Group-Register 1-94,text,true,,216,514,1,1,http://localhost:8081/register,5,0,0
1619248110618,5,HTTP Request-GET-Loan,200,,Thread Group-Loan 4-48,text,true,,500,157,1,1,http://localhost:8080/applyloan,5,0,0
1619248110623,2,HTTP Request-POST-Loan,200,,Thread Group-Loan 4-48,text,true,,202,341,1,1,http://localhost:8080/applyloan,2,0,0
1619248111102,9,HTTP Request-GET,200,,Thread Group-Register 1-95,text,true,,2090,160,1,1,http://localhost:8081/register,9,0,1
1619248111112,5,HTTP Request-POST,200,,Thread Group-Register 1-95,text,true,,216,514,1,1,http://localhost:8081/register,5,0,0
1619248111543,2,HTTP Request-POST,200,,Thread Group-Login 2-49,text,true,,184,220,1,1,http://localhost:8081/login,2,0,0
1619248111606,9,HTTP Request-GET,200,,Thread Group-Register 1-96,text,true,,2090,160,1,1,http://localhost:8081/register,9,0,0
1619248111615,7,HTTP Request-POST,200,,Thread Group-Register 1-96,text,true,,216,514,1,2,http://localhost:8081/register,7,0,0
1619248111620,6,HTTP Request-GET-Loan,200,,Thread Group-Loan 4-49,text,true,,500,157,1,1,http://localhost:8080/applyloan,6,0,1
1619248111627,2,HTTP Request-POST-Loan,200,,Thread Group-Loan 4-49,text,true,,202,341,1,1,http://localhost:8080/applyloan,2,0,0
1619248112115,9,HTTP Request-GET,200,,Thread Group-Register 1-97,text,true,,2090,160,1,1,http://localhost:8081/register,9,0,1
1619248112124,6,HTTP Request-POST,200,,Thread Group-Register 1-97,text,true,,216,514,1,1,http://localhost:8081/register,6,0,0
1619248112569,15,HTTP Request-POST,200,,Thread Group-Login 2-50,text,true,,184,220,1,1,http://localhost:8081/login,15,0,1
1619248112619,5,HTTP Request-GET-Loan,200,,Thread Group-Loan 4-50,text,true,,500,157,1,2,http://localhost:8080/applyloan,5,0,0
1619248112625,2,HTTP Request-POST-Loan,200,,Thread Group-Loan 4-50,text,true,,202,341,1,2,http://localhost:8080/applyloan,2,0,0
1619248112622,10,HTTP Request-GET,200,,Thread Group-Register 1-98,text,true,,2090,160,1,1,http://localhost:8081/register,10,0,0
1619248112632,5,HTTP Request-POST,200,,Thread Group-Register 1-98,text,true,,216,514,1,1,http://localhost:8081/register,5,0,0
1619248113128,10,HTTP Request-GET,200,,Thread Group-Register 1-99,text,true,,2090,160,1,1,http://localhost:8081/register,10,0,1
1619248113138,5,HTTP Request-POST,200,,Thread Group-Register 1-99,text,true,,216,514,1,1,http://localhost:8081/register,5,0,0
1619248113542,3,HTTP Request-POST,200,,Thread Group-Login 2-51,text,true,,184,220,1,1,http://localhost:8081/login,3,0,1
1619248113618,5,HTTP Request-GET-Loan,200,,Thread Group-Loan 4-51,text,true,,500,157,1,1,http://localhost:8080/applyloan,5,0,1
1619248113624,2,HTTP Request-POST-Loan,200,,Thread Group-Loan 4-51,text,true,,202,341,1,1,http://localhost:8080/applyloan,2,0,0
1619248113635,10,HTTP Request-GET,200,,Thread Group-Register 1-100,text,true,,2090,160,1,1,http://localhost:8081/register,10,0,1
1619248113646,5,HTTP Request-POST,200,,Thread Group-Register 1-100,text,true,,216,514,1,1,http://localhost:8081/register,5,0,0
1619248114143,10,HTTP Request-GET,200,,Thread Group-Register 1-101,text,true,,2090,160,1,1,http://localhost:8081/register,10,0,1
1619248114153,6,HTTP Request-POST,200,,Thread Group-Register 1-101,text,true,,216,514,1,1,http://localhost:8081/register,6,0,0
1619248114543,3,HTTP Request-POST,200,,Thread Group-Login 2-52,text,true,,184,220,1,1,http://localhost:8081/login,3,0,1
1619248114620,5,HTTP Request-GET-Loan,200,,Thread Group-Loan 4-52,text,true,,500,157,1,1,http://localhost:8080/applyloan,5,0,1
1619248114625,3,HTTP Request-POST-Loan,200,,Thread Group-Loan 4-52,text,true,,202,341,1,1,http://localhost:8080/applyloan,3,0,0
1619248114650,10,HTTP Request-GET,200,,Thread Group-Register 1-102,text,true,,2090,160,1,1,http://localhost:8081/register,10,0,1
1619248114660,5,HTTP Request-POST,200,,Thread Group-Register 1-102,text,true,,216,514,1,1,http://localhost:8081/register,5,0,0
1619248115157,10,HTTP Request-GET,200,,Thread Group-Register 1-103,text,true,,2090,160,1,1,http://localhost:8081/register,10,0,1
1619248115167,7,HTTP Request-POST,200,,Thread Group-Register 1-103,text,true,,216,514,1,1,http://localhost:8081/register,6,0,0
1619248115545,3,HTTP Request-POST,200,,Thread Group-Login 2-53,text,true,,184,220,1,1,http://localhost:8081/login,3,0,1
1619248115621,6,HTTP Request-GET-Loan,200,,Thread Group-Loan 4-53,text,true,,500,157,1,1,http://localhost:8080/applyloan,6,0,1
1619248115627,3,HTTP Request-POST-Loan,200,,Thread Group-Loan 4-53,text,true,,202,341,1,1,http://localhost:8080/applyloan,3,0,0
1619248115669,9,HTTP Request-GET,200,,Thread Group-Register 1-104,text,true,,2090,160,1,1,http://localhost:8081/register,9,0,0
1619248115678,5,HTTP Request-POST,200,,Thread Group-Register 1-104,text,true,,216,514,1,1,http://localhost:8081/register,5,0,0
1619248116176,13,HTTP Request-GET,200,,Thread Group-Register 1-105,text,true,,2090,160,1,1,http://localhost:8081/register,13,0,1
1619248116189,6,HTTP Request-POST,200,,Thread Group-Register 1-105,text,true,,216,514,1,1,http://localhost:8081/register,6,0,0
1619248116544,2,HTTP Request-POST,200,,Thread Group-Login 2-54,text,true,,184,220,1,1,http://localhost:8081/login,2,0,0
1619248116620,6,HTTP Request-GET-Loan,200,,Thread Group-Loan 4-54,text,true,,500,157,1,1,http://localhost:8080/applyloan,6,0,1
1619248116626,3,HTTP Request-POST-Loan,200,,Thread Group-Loan 4-54,text,true,,202,341,1,1,http://localhost:8080/applyloan,3,0,0
1619248116677,11,HTTP Request-GET,200,,Thread Group-Register 1-106,text,true,,2090,160,1,1,http://localhost:8081/register,11,0,1
1619248116689,5,HTTP Request-POST,200,,Thread Group-Register 1-106,text,true,,216,514,1,1,http://localhost:8081/register,5,0,0
1619248117187,12,HTTP Request-GET,200,,Thread Group-Register 1-107,text,true,,2090,160,1,1,http://localhost:8081/register,12,0,1
1619248117199,6,HTTP Request-POST,200,,Thread Group-Register 1-107,text,true,,216,514,1,1,http://localhost:8081/register,6,0,0
1619248117543,3,HTTP Request-POST,200,,Thread Group-Login 2-55,text,true,,184,220,1,1,http://localhost:8081/login,3,0,1
1619248117620,7,HTTP Request-GET-Loan,200,,Thread Group-Loan 4-55,text,true,,500,157,1,1,http://localhost:8080/applyloan,7,0,1
1619248117627,2,HTTP Request-POST-Loan,200,,Thread Group-Loan 4-55,text,true,,202,341,1,1,http://localhost:8080/applyloan,2,0,0
1619248117694,10,HTTP Request-GET,200,,Thread Group-Register 1-108,text,true,,2090,160,1,1,http://localhost:8081/register,10,0,1
1619248117704,5,HTTP Request-POST,200,,Thread Group-Register 1-108,text,true,,216,514,1,1,http://localhost:8081/register,5,0,0
1619248118205,11,HTTP Request-GET,200,,Thread Group-Register 1-109,text,true,,2090,160,1,1,http://localhost:8081/register,11,0,1
1619248118216,6,HTTP Request-POST,200,,Thread Group-Register 1-109,text,true,,216,514,1,1,http://localhost:8081/register,6,0,0
1619248118542,3,HTTP Request-POST,200,,Thread Group-Login 2-56,text,true,,184,220,1,1,http://localhost:8081/login,3,0,1
1619248118621,8,HTTP Request-GET-Loan,200,,Thread Group-Loan 4-56,text,true,,500,157,1,1,http://localhost:8080/applyloan,8,0,1
1619248118629,4,HTTP Request-POST-Loan,200,,Thread Group-Loan 4-56,text,true,,202,341,1,1,http://localhost:8080/applyloan,4,0,0
1619248118707,11,HTTP Request-GET,200,,Thread Group-Register 1-110,text,true,,2090,160,1,1,http://localhost:8081/register,10,0,1
1619248118718,6,HTTP Request-POST,200,,Thread Group-Register 1-110,text,true,,216,514,1,1,http://localhost:8081/register,6,0,0
1619248119217,15,HTTP Request-GET,200,,Thread Group-Register 1-111,text,true,,2090,160,1,1,http://localhost:8081/register,15,0,1
1619248119232,8,HTTP Request-POST,200,,Thread Group-Register 1-111,text,true,,216,514,1,1,http://localhost:8081/register,8,0,0
1619248119542,2,HTTP Request-POST,200,,Thread Group-Login 2-57,text,true,,184,220,1,1,http://localhost:8081/login,2,0,1
1619248119620,6,HTTP Request-GET-Loan,200,,Thread Group-Loan 4-57,text,true,,500,157,1,1,http://localhost:8080/applyloan,6,0,1
1619248119626,3,HTTP Request-POST-Loan,200,,Thread Group-Loan 4-57,text,true,,202,341,1,1,http://localhost:8080/applyloan,3,0,0
1619248119724,13,HTTP Request-GET,200,,Thread Group-Register 1-112,text,true,,2090,160,1,1,http://localhost:8081/register,13,0,1
1619248119737,9,HTTP Request-POST,200,,Thread Group-Register 1-112,text,true,,216,514,1,1,http://localhost:8081/register,9,0,0
1619248120232,11,HTTP Request-GET,200,,Thread Group-Register 1-113,text,true,,2090,160,1,1,http://localhost:8081/register,11,0,1
1619248120244,7,HTTP Request-POST,200,,Thread Group-Register 1-113,text,true,,216,514,1,1,http://localhost:8081/register,7,0,0
1619248120541,3,HTTP Request-POST,200,,Thread Group-Login 2-58,text,true,,184,220,1,1,http://localhost:8081/login,3,0,1
1619248120620,6,HTTP Request-GET-Loan,200,,Thread Group-Loan 4-58,text,true,,500,157,1,1,http://localhost:8080/applyloan,6,0,1
1619248120626,3,HTTP Request-POST-Loan,200,,Thread Group-Loan 4-58,text,true,,202,341,1,1,http://localhost:8080/applyloan,3,0,0
1619248120734,12,HTTP Request-GET,200,,Thread Group-Register 1-114,text,true,,2090,160,1,1,http://localhost:8081/register,11,0,1
1619248120746,7,HTTP Request-POST,200,,Thread Group-Register 1-114,text,true,,216,514,1,1,http://localhost:8081/register,7,0,0
1619248121245,12,HTTP Request-GET,200,,Thread Group-Register 1-115,text,true,,2090,160,1,1,http://localhost:8081/register,12,0,1
1619248121257,6,HTTP Request-POST,200,,Thread Group-Register 1-115,text,true,,216,514,1,1,http://localhost:8081/register,6,0,0
1619248121542,3,HTTP Request-POST,200,,Thread Group-Login 2-59,text,true,,184,220,1,1,http://localhost:8081/login,3,0,1
1619248121620,6,HTTP Request-GET-Loan,200,,Thread Group-Loan 4-59,text,true,,500,157,1,1,http://localhost:8080/applyloan,6,0,1
1619248121627,3,HTTP Request-POST-Loan,200,,Thread Group-Loan 4-59,text,true,,202,341,1,1,http://localhost:8080/applyloan,3,0,0
1619248121749,12,HTTP Request-GET,200,,Thread Group-Register 1-116,text,true,,2090,160,1,1,http://localhost:8081/register,12,0,1
1619248121761,7,HTTP Request-POST,200,,Thread Group-Register 1-116,text,true,,216,514,1,1,http://localhost:8081/register,7,0,0
1619248122256,11,HTTP Request-GET,200,,Thread Group-Register 1-117,text,true,,2090,160,1,1,http://localhost:8081/register,11,0,1
1619248122267,7,HTTP Request-POST,200,,Thread Group-Register 1-117,text,true,,216,514,1,1,http://localhost:8081/register,6,0,0
1619248122541,2,HTTP Request-POST,200,,Thread Group-Login 2-60,text,true,,184,220,1,1,http://localhost:8081/login,2,0,1
1619248122620,5,HTTP Request-GET-Loan,200,,Thread Group-Loan 4-60,text,true,,500,157,1,1,http://localhost:8080/applyloan,5,0,0
1619248122625,3,HTTP Request-POST-Loan,200,,Thread Group-Loan 4-60,text,true,,202,341,1,1,http://localhost:8080/applyloan,3,0,0
1619248122765,9,HTTP Request-GET,200,,Thread Group-Register 1-118,text,true,,2090,160,1,1,http://localhost:8081/register,9,0,1
1619248122775,5,HTTP Request-POST,200,,Thread Group-Register 1-118,text,true,,216,514,1,1,http://localhost:8081/register,5,0,0
1619248123273,11,HTTP Request-GET,200,,Thread Group-Register 1-119,text,true,,2090,160,1,1,http://localhost:8081/register,11,0,0
1619248123284,5,HTTP Request-POST,200,,Thread Group-Register 1-119,text,true,,216,514,1,1,http://localhost:8081/register,5,0,0
1619248123542,3,HTTP Request-POST,200,,Thread Group-Login 2-61,text,true,,184,220,1,1,http://localhost:8081/login,3,0,0
1619248123620,6,HTTP Request-GET-Loan,200,,Thread Group-Loan 4-61,text,true,,500,157,1,1,http://localhost:8080/applyloan,5,0,1
1619248123626,2,HTTP Request-POST-Loan,200,,Thread Group-Loan 4-61,text,true,,202,341,1,1,http://localhost:8080/applyloan,2,0,0
1619248123776,10,HTTP Request-GET,200,,Thread Group-Register 1-120,text,true,,2090,160,1,1,http://localhost:8081/register,10,0,1
1619248123786,6,HTTP Request-POST,200,,Thread Group-Register 1-120,text,true,,216,514,1,1,http://localhost:8081/register,6,0,0
1619248124291,23,HTTP Request-GET,200,,Thread Group-Register 1-121,text,true,,2090,160,1,1,http://localhost:8081/register,23,0,2
1619248124314,7,HTTP Request-POST,200,,Thread Group-Register 1-121,text,true,,216,514,1,1,http://localhost:8081/register,7,0,0
1619248124541,3,HTTP Request-POST,200,,Thread Group-Login 2-62,text,true,,184,220,1,1,http://localhost:8081/login,3,0,1
1619248124618,6,HTTP Request-GET-Loan,200,,Thread Group-Loan 4-62,text,true,,500,157,1,1,http://localhost:8080/applyloan,5,0,1
1619248124624,2,HTTP Request-POST-Loan,200,,Thread Group-Loan 4-62,text,true,,202,341,1,1,http://localhost:8080/applyloan,2,0,0
1619248124797,11,HTTP Request-GET,200,,Thread Group-Register 1-122,text,true,,2090,160,1,1,http://localhost:8081/register,11,0,1
1619248124808,6,HTTP Request-POST,200,,Thread Group-Register 1-122,text,true,,216,514,1,1,http://localhost:8081/register,6,0,0
1619248125304,9,HTTP Request-GET,200,,Thread Group-Register 1-123,text,true,,2090,160,1,1,http://localhost:8081/register,9,0,1
1619248125314,5,HTTP Request-POST,200,,Thread Group-Register 1-123,text,true,,216,514,1,1,http://localhost:8081/register,5,0,0
1619248125539,3,HTTP Request-POST,200,,Thread Group-Login 2-63,text,true,,184,220,1,1,http://localhost:8081/login,3,0,1
1619248125618,7,HTTP Request-GET-Loan,200,,Thread Group-Loan 4-63,text,true,,500,157,1,1,http://localhost:8080/applyloan,7,0,2
1619248125625,3,HTTP Request-POST-Loan,200,,Thread Group-Loan 4-63,text,true,,202,341,1,1,http://localhost:8080/applyloan,3,0,0
1619248125811,10,HTTP Request-GET,200,,Thread Group-Register 1-124,text,true,,2090,160,1,1,http://localhost:8081/register,10,0,1
1619248125821,6,HTTP Request-POST,200,,Thread Group-Register 1-124,text,true,,216,514,1,1,http://localhost:8081/register,6,0,0
1619248126318,10,HTTP Request-GET,200,,Thread Group-Register 1-125,text,true,,2090,160,1,1,http://localhost:8081/register,10,0,1
1619248126328,6,HTTP Request-POST,200,,Thread Group-Register 1-125,text,true,,216,514,1,1,http://localhost:8081/register,6,0,0
1619248126540,2,HTTP Request-POST,200,,Thread Group-Login 2-64,text,true,,184,220,1,1,http://localhost:8081/login,2,0,0
1619248126618,6,HTTP Request-GET-Loan,200,,Thread Group-Loan 4-64,text,true,,500,157,1,1,http://localhost:8080/applyloan,6,0,1
1619248126624,2,HTTP Request-POST-Loan,200,,Thread Group-Loan 4-64,text,true,,202,341,1,1,http://localhost:8080/applyloan,2,0,0
1619248126848,10,HTTP Request-GET,200,,Thread Group-Register 1-126,text,true,,2090,160,1,1,http://localhost:8081/register,10,0,1
1619248126858,6,HTTP Request-POST,200,,Thread Group-Register 1-126,text,true,,216,514,1,1,http://localhost:8081/register,6,0,0
1619248127337,10,HTTP Request-GET,200,,Thread Group-Register 1-127,text,true,,2090,160,1,1,http://localhost:8081/register,10,0,1
1619248127347,5,HTTP Request-POST,200,,Thread Group-Register 1-127,text,true,,216,514,1,1,http://localhost:8081/register,5,0,0
1619248127541,2,HTTP Request-POST,200,,Thread Group-Login 2-65,text,true,,184,220,1,1,http://localhost:8081/login,2,0,1
1619248127618,5,HTTP Request-GET-Loan,200,,Thread Group-Loan 4-65,text,true,,500,157,1,1,http://localhost:8080/applyloan,5,0,0
1619248127623,2,HTTP Request-POST-Loan,200,,Thread Group-Loan 4-65,text,true,,202,341,1,1,http://localhost:8080/applyloan,2,0,0
1619248127837,11,HTTP Request-GET,200,,Thread Group-Register 1-128,text,true,,2090,160,1,1,http://localhost:8081/register,11,0,0
1619248127848,6,HTTP Request-POST,200,,Thread Group-Register 1-128,text,true,,216,514,1,1,http://localhost:8081/register,6,0,0
1619248128344,9,HTTP Request-GET,200,,Thread Group-Register 1-129,text,true,,2090,160,1,1,http://localhost:8081/register,9,0,1
1619248128353,7,HTTP Request-POST,200,,Thread Group-Register 1-129,text,true,,216,514,1,1,http://localhost:8081/register,7,0,0
1619248128541,2,HTTP Request-POST,200,,Thread Group-Login 2-66,text,true,,184,220,1,1,http://localhost:8081/login,2,0,1
1619248128618,5,HTTP Request-GET-Loan,200,,Thread Group-Loan 4-66,text,true,,500,157,1,1,http://localhost:8080/applyloan,5,0,1
1619248128623,3,HTTP Request-POST-Loan,200,,Thread Group-Loan 4-66,text,true,,202,341,1,1,http://localhost:8080/applyloan,3,0,0
1619248128857,10,HTTP Request-GET,200,,Thread Group-Register 1-130,text,true,,2090,160,1,1,http://localhost:8081/register,10,0,1
1619248128867,5,HTTP Request-POST,200,,Thread Group-Register 1-130,text,true,,216,514,1,1,http://localhost:8081/register,5,0,0
1619248129364,9,HTTP Request-GET,200,,Thread Group-Register 1-131,text,true,,2090,160,1,1,http://localhost:8081/register,9,0,0
1619248129373,5,HTTP Request-POST,200,,Thread Group-Register 1-131,text,true,,216,514,1,1,http://localhost:8081/register,5,0,0
1619248129540,2,HTTP Request-POST,200,,Thread Group-Login 2-67,text,true,,184,220,1,1,http://localhost:8081/login,2,0,1
1619248129620,5,HTTP Request-GET-Loan,200,,Thread Group-Loan 4-67,text,true,,500,157,1,1,http://localhost:8080/applyloan,5,0,0
1619248129625,2,HTTP Request-POST-Loan,200,,Thread Group-Loan 4-67,text,true,,202,341,1,1,http://localhost:8080/applyloan,2,0,0
1619248129862,10,HTTP Request-GET,200,,Thread Group-Register 1-132,text,true,,2090,160,1,1,http://localhost:8081/register,10,0,1
1619248129872,5,HTTP Request-POST,200,,Thread Group-Register 1-132,text,true,,216,514,1,1,http://localhost:8081/register,5,0,0
1619248130370,9,HTTP Request-GET,200,,Thread Group-Register 1-133,text,true,,2090,160,1,1,http://localhost:8081/register,9,0,1
1619248130379,5,HTTP Request-POST,200,,Thread Group-Register 1-133,text,true,,216,514,1,1,http://localhost:8081/register,5,0,0
1619248130540,3,HTTP Request-POST,200,,Thread Group-Login 2-68,text,true,,184,220,1,1,http://localhost:8081/login,3,0,1
1619248130618,5,HTTP Request-GET-Loan,200,,Thread Group-Loan 4-68,text,true,,500,157,1,1,http://localhost:8080/applyloan,5,0,1
1619248130624,2,HTTP Request-POST-Loan,200,,Thread Group-Loan 4-68,text,true,,202,341,1,1,http://localhost:8080/applyloan,2,0,0
1619248130884,10,HTTP Request-GET,200,,Thread Group-Register 1-134,text,true,,2090,160,1,1,http://localhost:8081/register,10,0,1
1619248130895,5,HTTP Request-POST,200,,Thread Group-Register 1-134,text,true,,216,514,1,1,http://localhost:8081/register,5,0,0
1619248131392,9,HTTP Request-GET,200,,Thread Group-Register 1-135,text,true,,2090,160,1,1,http://localhost:8081/register,9,0,0
1619248131401,5,HTTP Request-POST,200,,Thread Group-Register 1-135,text,true,,216,514,1,1,http://localhost:8081/register,5,0,0
1619248131541,3,HTTP Request-POST,200,,Thread Group-Login 2-69,text,true,,184,220,1,1,http://localhost:8081/login,3,0,1
1619248131619,5,HTTP Request-GET-Loan,200,,Thread Group-Loan 4-69,text,true,,500,157,1,1,http://localhost:8080/applyloan,5,0,1
1619248131625,2,HTTP Request-POST-Loan,200,,Thread Group-Loan 4-69,text,true,,202,341,1,1,http://localhost:8080/applyloan,2,0,0
1619248131890,9,HTTP Request-GET,200,,Thread Group-Register 1-136,text,true,,2090,160,1,1,http://localhost:8081/register,9,0,1
1619248131899,5,HTTP Request-POST,200,,Thread Group-Register 1-136,text,true,,216,514,1,1,http://localhost:8081/register,5,0,0
1619248132397,9,HTTP Request-GET,200,,Thread Group-Register 1-137,text,true,,2090,160,1,1,http://localhost:8081/register,9,0,0
1619248132406,5,HTTP Request-POST,200,,Thread Group-Register 1-137,text,true,,216,514,1,1,http://localhost:8081/register,5,0,0
1619248132541,2,HTTP Request-POST,200,,Thread Group-Login 2-70,text,true,,184,220,1,1,http://localhost:8081/login,2,0,1
1619248132619,5,HTTP Request-GET-Loan,200,,Thread Group-Loan 4-70,text,true,,500,157,1,1,http://localhost:8080/applyloan,5,0,1
1619248132624,3,HTTP Request-POST-Loan,200,,Thread Group-Loan 4-70,text,true,,202,341,1,1,http://localhost:8080/applyloan,3,0,0
1619248132909,11,HTTP Request-GET,200,,Thread Group-Register 1-138,text,true,,2090,160,1,1,http://localhost:8081/register,11,0,1
1619248132920,6,HTTP Request-POST,200,,Thread Group-Register 1-138,text,true,,216,514,1,1,http://localhost:8081/register,6,0,0
1619248133418,12,HTTP Request-GET,200,,Thread Group-Register 1-139,text,true,,2090,160,1,1,http://localhost:8081/register,12,0,1
1619248133430,5,HTTP Request-POST,200,,Thread Group-Register 1-139,text,true,,216,514,1,1,http://localhost:8081/register,5,0,0
1619248133621,5,HTTP Request-GET-Loan,200,,Thread Group-Loan 4-71,text,true,,500,157,1,1,http://localhost:8080/applyloan,5,0,0
1619248133627,2,HTTP Request-POST-Loan,200,,Thread Group-Loan 4-71,text,true,,202,341,1,1,http://localhost:8080/applyloan,2,0,0
1619248133926,10,HTTP Request-GET,200,,Thread Group-Register 1-140,text,true,,2090,160,1,1,http://localhost:8081/register,9,0,0
1619248133936,5,HTTP Request-POST,200,,Thread Group-Register 1-140,text,true,,216,514,1,1,http://localhost:8081/register,5,0,0
1619248134446,10,HTTP Request-GET,200,,Thread Group-Register 1-141,text,true,,2090,160,1,1,http://localhost:8081/register,10,0,1
1619248134456,6,HTTP Request-POST,200,,Thread Group-Register 1-141,text,true,,216,514,1,1,http://localhost:8081/register,6,0,0
1619248134620,7,HTTP Request-GET-Loan,200,,Thread Group-Loan 4-72,text,true,,500,157,1,1,http://localhost:8080/applyloan,7,0,1
1619248134627,2,HTTP Request-POST-Loan,200,,Thread Group-Loan 4-72,text,true,,202,341,1,1,http://localhost:8080/applyloan,2,0,0
1619248134952,11,HTTP Request-GET,200,,Thread Group-Register 1-142,text,true,,2090,160,1,1,http://localhost:8081/register,11,0,1
1619248134963,5,HTTP Request-POST,200,,Thread Group-Register 1-142,text,true,,216,514,1,1,http://localhost:8081/register,5,0,0
1619248135459,10,HTTP Request-GET,200,,Thread Group-Register 1-143,text,true,,2090,160,1,1,http://localhost:8081/register,10,0,0
1619248135469,7,HTTP Request-POST,200,,Thread Group-Register 1-143,text,true,,216,514,1,1,http://localhost:8081/register,7,0,0
1619248135620,8,HTTP Request-GET-Loan,200,,Thread Group-Loan 4-73,text,true,,500,157,1,1,http://localhost:8080/applyloan,8,0,1
1619248135628,2,HTTP Request-POST-Loan,200,,Thread Group-Loan 4-73,text,true,,202,341,1,1,http://localhost:8080/applyloan,2,0,0
1619248135949,9,HTTP Request-GET,200,,Thread Group-Register 1-144,text,true,,2090,160,1,1,http://localhost:8081/register,9,0,1
1619248135958,6,HTTP Request-POST,200,,Thread Group-Register 1-144,text,true,,216,514,1,1,http://localhost:8081/register,6,0,0
1619248136465,10,HTTP Request-GET,200,,Thread Group-Register 1-145,text,true,,2090,160,1,1,http://localhost:8081/register,10,0,1
1619248136475,5,HTTP Request-POST,200,,Thread Group-Register 1-145,text,true,,216,514,1,1,http://localhost:8081/register,5,0,0
1619248136620,6,HTTP Request-GET-Loan,200,,Thread Group-Loan 4-74,text,true,,500,157,1,1,http://localhost:8080/applyloan,6,0,1
1619248136626,2,HTTP Request-POST-Loan,200,,Thread Group-Loan 4-74,text,true,,202,341,1,1,http://localhost:8080/applyloan,2,0,0
1619248136980,12,HTTP Request-GET,200,,Thread Group-Register 1-146,text,true,,2090,160,1,1,http://localhost:8081/register,12,0,1
1619248136992,5,HTTP Request-POST,200,,Thread Group-Register 1-146,text,true,,216,514,1,1,http://localhost:8081/register,5,0,0
1619248137486,9,HTTP Request-GET,200,,Thread Group-Register 1-147,text,true,,2090,160,1,1,http://localhost:8081/register,9,0,1
1619248137495,6,HTTP Request-POST,200,,Thread Group-Register 1-147,text,true,,216,514,1,1,http://localhost:8081/register,6,0,0
1619248137619,5,HTTP Request-GET-Loan,200,,Thread Group-Loan 4-75,text,true,,500,157,1,1,http://localhost:8080/applyloan,5,0,1
1619248137624,3,HTTP Request-POST-Loan,200,,Thread Group-Loan 4-75,text,true,,202,341,1,1,http://localhost:8080/applyloan,3,0,0
1619248137992,10,HTTP Request-GET,200,,Thread Group-Register 1-148,text,true,,2090,160,1,1,http://localhost:8081/register,10,0,1
1619248138002,5,HTTP Request-POST,200,,Thread Group-Register 1-148,text,true,,216,514,1,1,http://localhost:8081/register,5,0,0
1619248138499,13,HTTP Request-GET,200,,Thread Group-Register 1-149,text,true,,2090,160,1,1,http://localhost:8081/register,13,0,1
1619248138512,5,HTTP Request-POST,200,,Thread Group-Register 1-149,text,true,,216,514,1,1,http://localhost:8081/register,5,0,0
1619248138619,5,HTTP Request-GET-Loan,200,,Thread Group-Loan 4-76,text,true,,500,157,1,1,http://localhost:8080/applyloan,5,0,1
1619248138624,2,HTTP Request-POST-Loan,200,,Thread Group-Loan 4-76,text,true,,202,341,1,1,http://localhost:8080/applyloan,2,0,0
1619248139006,11,HTTP Request-GET,200,,Thread Group-Register 1-150,text,true,,2090,160,1,1,http://localhost:8081/register,11,0,1
1619248139017,5,HTTP Request-POST,200,,Thread Group-Register 1-150,text,true,,216,514,1,1,http://localhost:8081/register,5,0,0
1619248139618,5,HTTP Request-GET-Loan,200,,Thread Group-Loan 4-77,text,true,,500,157,1,1,http://localhost:8080/applyloan,5,0,1
1619248139623,2,HTTP Request-POST-Loan,200,,Thread Group-Loan 4-77,text,true,,202,341,1,1,http://localhost:8080/applyloan,2,0,0
1619248140619,5,HTTP Request-GET-Loan,200,,Thread Group-Loan 4-78,text,true,,500,157,1,1,http://localhost:8080/applyloan,5,0,0
1619248140625,5,HTTP Request-POST-Loan,200,,Thread Group-Loan 4-78,text,true,,202,341,1,1,http://localhost:8080/applyloan,5,0,0
1619248141620,5,HTTP Request-GET-Loan,200,,Thread Group-Loan 4-79,text,true,,500,157,1,1,http://localhost:8080/applyloan,5,0,1
1619248141626,2,HTTP Request-POST-Loan,200,,Thread Group-Loan 4-79,text,true,,202,341,1,1,http://localhost:8080/applyloan,2,0,0
1619248142621,5,HTTP Request-GET-Loan,200,,Thread Group-Loan 4-80,text,true,,500,157,1,1,http://localhost:8080/applyloan,5,0,0
1619248142626,2,HTTP Request-POST-Loan,200,,Thread Group-Loan 4-80,text,true,,202,341,1,1,http://localhost:8080/applyloan,2,0,0
1619248143620,6,HTTP Request-GET-Loan,200,,Thread Group-Loan 4-81,text,true,,500,157,1,1,http://localhost:8080/applyloan,6,0,1
1619248143626,3,HTTP Request-POST-Loan,200,,Thread Group-Loan 4-81,text,true,,202,341,1,1,http://localhost:8080/applyloan,3,0,0
1619248144620,6,HTTP Request-GET-Loan,200,,Thread Group-Loan 4-82,text,true,,500,157,1,1,http://localhost:8080/applyloan,6,0,1
1619248144626,3,HTTP Request-POST-Loan,200,,Thread Group-Loan 4-82,text,true,,202,341,1,1,http://localhost:8080/applyloan,3,0,0
1619248145620,5,HTTP Request-GET-Loan,200,,Thread Group-Loan 4-83,text,true,,500,157,1,1,http://localhost:8080/applyloan,5,0,0
1619248145625,3,HTTP Request-POST-Loan,200,,Thread Group-Loan 4-83,text,true,,202,341,1,1,http://localhost:8080/applyloan,3,0,0
1619248146620,5,HTTP Request-GET-Loan,200,,Thread Group-Loan 4-84,text,true,,500,157,1,1,http://localhost:8080/applyloan,5,0,0
1619248146625,2,HTTP Request-POST-Loan,200,,Thread Group-Loan 4-84,text,true,,202,341,1,1,http://localhost:8080/applyloan,2,0,0
1619248147619,5,HTTP Request-GET-Loan,200,,Thread Group-Loan 4-85,text,true,,500,157,1,1,http://localhost:8080/applyloan,5,0,0
1619248147625,2,HTTP Request-POST-Loan,200,,Thread Group-Loan 4-85,text,true,,202,341,1,1,http://localhost:8080/applyloan,2,0,0
1619248148618,8,HTTP Request-GET-Loan,200,,Thread Group-Loan 4-86,text,true,,500,157,1,1,http://localhost:8080/applyloan,8,0,1
1619248148626,2,HTTP Request-POST-Loan,200,,Thread Group-Loan 4-86,text,true,,202,341,1,1,http://localhost:8080/applyloan,2,0,0
1619248149620,5,HTTP Request-GET-Loan,200,,Thread Group-Loan 4-87,text,true,,500,157,1,1,http://localhost:8080/applyloan,5,0,0
1619248149625,2,HTTP Request-POST-Loan,200,,Thread Group-Loan 4-87,text,true,,202,341,1,1,http://localhost:8080/applyloan,2,0,0
1619248150619,5,HTTP Request-GET-Loan,200,,Thread Group-Loan 4-88,text,true,,500,157,1,1,http://localhost:8080/applyloan,5,0,0
1619248150624,2,HTTP Request-POST-Loan,200,,Thread Group-Loan 4-88,text,true,,202,341,1,1,http://localhost:8080/applyloan,2,0,0
1619248151618,6,HTTP Request-GET-Loan,200,,Thread Group-Loan 4-89,text,true,,500,157,1,1,http://localhost:8080/applyloan,6,0,1
1619248151624,2,HTTP Request-POST-Loan,200,,Thread Group-Loan 4-89,text,true,,202,341,1,1,http://localhost:8080/applyloan,2,0,0
1619248152618,5,HTTP Request-GET-Loan,200,,Thread Group-Loan 4-90,text,true,,500,157,1,1,http://localhost:8080/applyloan,5,0,1
1619248152623,3,HTTP Request-POST-Loan,200,,Thread Group-Loan 4-90,text,true,,202,341,1,1,http://localhost:8080/applyloan,3,0,0
1619248153618,5,HTTP Request-GET-Loan,200,,Thread Group-Loan 4-91,text,true,,500,157,1,1,http://localhost:8080/applyloan,5,0,0
1619248153623,2,HTTP Request-POST-Loan,200,,Thread Group-Loan 4-91,text,true,,202,341,1,1,http://localhost:8080/applyloan,2,0,0
1619248154619,6,HTTP Request-GET-Loan,200,,Thread Group-Loan 4-92,text,true,,500,157,1,1,http://localhost:8080/applyloan,6,0,2
1619248154625,3,HTTP Request-POST-Loan,200,,Thread Group-Loan 4-92,text,true,,202,341,1,1,http://localhost:8080/applyloan,3,0,0
1619248155619,6,HTTP Request-GET-Loan,200,,Thread Group-Loan 4-93,text,true,,500,157,1,1,http://localhost:8080/applyloan,6,0,1
1619248155626,2,HTTP Request-POST-Loan,200,,Thread Group-Loan 4-93,text,true,,202,341,1,1,http://localhost:8080/applyloan,2,0,0
1619248156618,5,HTTP Request-GET-Loan,200,,Thread Group-Loan 4-94,text,true,,500,157,1,1,http://localhost:8080/applyloan,5,0,0
1619248156623,2,HTTP Request-POST-Loan,200,,Thread Group-Loan 4-94,text,true,,202,341,1,1,http://localhost:8080/applyloan,2,0,0
1619248157620,5,HTTP Request-GET-Loan,200,,Thread Group-Loan 4-95,text,true,,500,157,1,1,http://localhost:8080/applyloan,5,0,1
1619248157626,2,HTTP Request-POST-Loan,200,,Thread Group-Loan 4-95,text,true,,202,341,1,1,http://localhost:8080/applyloan,2,0,0
1619248158618,6,HTTP Request-GET-Loan,200,,Thread Group-Loan 4-96,text,true,,500,157,1,1,http://localhost:8080/applyloan,6,0,1
1619248158624,2,HTTP Request-POST-Loan,200,,Thread Group-Loan 4-96,text,true,,202,341,1,1,http://localhost:8080/applyloan,2,0,0
1619248159618,5,HTTP Request-GET-Loan,200,,Thread Group-Loan 4-97,text,true,,500,157,1,1,http://localhost:8080/applyloan,5,0,1
1619248159624,2,HTTP Request-POST-Loan,200,,Thread Group-Loan 4-97,text,true,,202,341,1,1,http://localhost:8080/applyloan,2,0,0
1619248160618,6,HTTP Request-GET-Loan,200,,Thread Group-Loan 4-98,text,true,,500,157,1,1,http://localhost:8080/applyloan,6,0,1
1619248160624,2,HTTP Request-POST-Loan,200,,Thread Group-Loan 4-98,text,true,,202,341,1,1,http://localhost:8080/applyloan,2,0,0
1619248161619,5,HTTP Request-GET-Loan,200,,Thread Group-Loan 4-99,text,true,,500,157,1,1,http://localhost:8080/applyloan,5,0,1
1619248161625,2,HTTP Request-POST-Loan,200,,Thread Group-Loan 4-99,text,true,,202,341,1,1,http://localhost:8080/applyloan,2,0,0
1619248162618,5,HTTP Request-GET-Loan,200,,Thread Group-Loan 4-100,text,true,,500,157,1,1,http://localhost:8080/applyloan,5,0,1
1619248162623,3,HTTP Request-POST-Loan,200,,Thread Group-Loan 4-100,text,true,,202,341,1,1,http://localhost:8080/applyloan,3,0,0
